applicant_id,name,nationality,prior_degree,prior_gpa,gre_total,research_exp,publications,application_year
A28937599,Jessica Moody,Netherlands Antilles,BSc,3.43,316,0,3,2019
A62270072,Tammy Turner,Suriname,BSc,3.33,312,2,1,2021
A41270056,Joshua Burton,Lebanon,PhD,2.98,311,11,0,2019
A25808091,Lee Cooper,British Indian Ocean Territory (Chagos Archipelago),MSc,3.23,298,7,1,2021
A13018369,Amy Arnold,Ireland,BSc,4.0,325,0,1,2022
A65444774,Regina Coleman,Ghana,BSc,3.32,315,13,1,2019
A15589835,Katherine Blackburn,United States of America,MSc,3.34,319,28,0,2021
A99637268,Mark Johnson,Mali,MSc,3.12,336,8,1,2022
A26543770,Angela Hernandez,United States of America,MSc,3.72,322,1,0,2023
A21528228,Andrea Porter,San Marino,BSc,3.47,315,5,0,2021
A40340576,Tammy Bowen,Lebanon,BSc,3.36,335,3,1,2023
A66884110,Rebecca Gallegos,French Southern Territories,BSc,3.67,333,15,1,2020
A54716831,Tiffany Gonzalez,Papua New Guinea,MSc,3.25,315,23,1,2021
A22174062,Katie Williams,Brunei Darussalam,MSc,3.45,313,4,3,2019
A38414535,Maria Taylor,Mali,MSc,3.61,310,17,2,2019
A97085906,Jesse Allen,Greenland,MSc,2.71,332,0,0,2023
A36929048,Vernon Adkins,Benin,MSc,3.53,315,4,2,2019
A44755214,Cassandra Allen,Belgium,BSc,3.94,312,3,0,2019
A65039433,Michael Dawson,Korea,BSc,3.26,312,31,4,2019
A50893120,Lauren Williams,Andorra,MSc,3.53,334,19,1,2023
A38787674,Nicolas Leonard,Guyana,BSc,3.42,314,6,2,2023
A21636696,John Santana,Netherlands Antilles,BSc,2.7,325,3,0,2023
A95888273,Samuel Santana,North Macedonia,BSc,3.64,317,4,2,2022
A70306063,Tracy English,Ukraine,MSc,3.49,294,4,0,2021
A36659115,Alexander Patel,Burundi,MSc,3.53,313,8,0,2020
A52440604,Lauren Bowen,Bulgaria,MSc,3.64,316,3,0,2022
A15729180,Crystal Tucker,Chile,BSc,3.6,319,3,2,2021
A34485379,Todd Gardner,Israel,BSc,3.26,340,12,2,2022
A44702079,Alicia Stuart,Kuwait,MSc,3.35,333,2,0,2020
A87567772,Aaron Peterson,Wallis and Futuna,MSc,4.0,333,0,1,2021
A25756112,Thomas Shaw,Ireland,MSc,3.18,327,14,2,2023
A63439083,Aaron Moran,Brazil,MSc,3.27,315,31,1,2022
A98148699,Michael Thomas,Heard Island and McDonald Islands,MSc,3.81,327,9,1,2022
A76195250,Robert Hensley,Switzerland,BSc,3.58,331,4,1,2022
A86372015,Robert Fischer,Mozambique,MSc,3.69,338,1,0,2021
A66915429,Mary Hammond,Niue,BSc,3.57,332,0,0,2020
A86595447,Cathy Leach,Kiribati,PhD,3.55,301,14,1,2019
A10972362,Jordan Hahn,Uganda,BSc,3.21,331,4,3,2021
A54553774,Garrett Frazier,Gambia,MSc,3.24,322,5,0,2023
A72114021,Susan Welch,Lebanon,BSc,3.76,316,11,2,2021
A37596887,Zachary Kelly,Bhutan,BSc,3.08,319,15,0,2023
A38160670,Christopher Spencer,Austria,BSc,3.51,317,2,4,2022
A21735977,Andre Lee,Namibia,MSc,3.46,331,40,2,2021
A30769098,James Underwood,Svalbard & Jan Mayen Islands,MSc,3.81,314,4,0,2022
A75849239,David Adams,Netherlands Antilles,MSc,3.71,321,14,1,2022
A66172157,Nicole Armstrong,Fiji,BSc,3.52,302,25,3,2022
A86591997,Christy Newman,Gabon,BSc,3.77,310,19,3,2021
A65902864,Christopher Perry MD,Ukraine,BSc,3.67,337,14,2,2019
A78019263,Craig Sellers,China,BSc,3.27,316,10,0,2021
A13724289,Tyler Khan,Croatia,MSc,4.0,291,4,1,2020
A17838163,Alexis Perkins,Ecuador,BSc,3.23,314,8,1,2019
A67592400,Carla Zamora,North Macedonia,MSc,3.28,323,0,1,2021
A44389179,Maria Cunningham,Guam,BSc,3.91,332,44,1,2023
A62336186,Eric Fitzgerald,Equatorial Guinea,BSc,3.3,332,6,0,2022
A16437924,Michael Brown,Qatar,BSc,3.65,332,6,0,2022
A41867105,Jon Swanson,United Kingdom,MSc,3.36,310,9,2,2021
A82820200,Christina Powell,United States Virgin Islands,MSc,4.0,335,6,0,2021
A39681347,Charles Peters,Macao,PhD,3.88,309,0,0,2023
A68399841,Kathleen Mitchell,Tanzania,MSc,3.63,331,7,0,2022
A74175353,Sarah Wyatt,Tajikistan,BSc,2.7,304,2,1,2023
A77787592,Charles Ramirez,United States Minor Outlying Islands,BSc,3.96,339,0,1,2020
A16559899,Nancy Reeves,Iraq,MSc,3.85,320,12,0,2020
A79565955,Joseph Wyatt,Tajikistan,BSc,3.56,310,0,3,2022
A83713828,Nicholas Moreno,Comoros,MSc,3.32,340,9,4,2023
A59890994,Heather Morris,Uruguay,BSc,3.35,323,4,1,2020
A91389612,Deanna Martinez,Poland,PhD,3.32,332,1,3,2023
A98030900,Michelle Norris,Palestinian Territory,BSc,3.31,333,2,3,2023
A86628371,John Dunlap,Uzbekistan,BSc,3.88,311,5,3,2019
A59292289,Erik Smith,American Samoa,MSc,3.38,323,27,2,2023
A11573166,Grace Krueger,Guyana,MSc,3.43,332,0,1,2020
A56006611,Felicia Parsons,Denmark,BSc,3.6,318,36,2,2021
A41248878,Troy Frank,Djibouti,MSc,3.2,301,13,3,2019
A70436155,Brandon Cooley,Brunei Darussalam,MSc,3.29,319,9,2,2023
A68611472,Jane House,Yemen,BSc,3.68,340,1,0,2019
A23621090,Matthew Ramirez,Holy See (Vatican City State),MSc,3.37,323,20,1,2020
A66435289,Kevin Mccoy,Bhutan,PhD,3.07,298,20,3,2020
A85567736,Julie Erickson,Turks and Caicos Islands,BSc,2.89,340,28,0,2020
A72143316,Katherine Dixon,Cyprus,MSc,3.41,319,7,0,2021
A83060649,Christopher Tyler,Saint Kitts and Nevis,MSc,3.88,331,10,2,2020
A38805372,Kenneth Jordan,Belize,BSc,3.4,326,39,0,2019
A82112211,Melissa Watkins,Zimbabwe,MSc,3.52,334,59,0,2020
A46123398,Joseph Le,Slovakia (Slovak Republic),BSc,3.64,320,8,2,2022
A72355650,Michelle Clark,Christmas Island,BSc,3.86,340,27,0,2020
A43390980,Kelly Moore,Marshall Islands,MSc,3.47,334,11,0,2020
A63827508,Andrew Reynolds,Nauru,MSc,3.45,299,5,1,2022
A76659110,Jason Buckley,Barbados,MSc,3.6,340,4,2,2021
A85409802,Leah Baldwin,Romania,MSc,3.1,340,32,1,2023
A90300867,Cheryl Riley,Brazil,BSc,3.48,315,19,1,2020
A30762830,Kimberly Hall,Slovenia,BSc,2.99,340,42,3,2021
A98660051,Paul Johnson,Cameroon,BSc,3.47,319,24,6,2020
A68981780,Michael Smith,Korea,BSc,3.41,296,1,2,2021
A58278948,Peter Miller,Italy,BSc,3.82,340,5,0,2021
A16057211,Tyler Lowe Jr.,Somalia,BSc,3.57,340,17,2,2022
A44611689,Steven Taylor,Vietnam,MSc,3.81,322,6,0,2023
A33542499,Ashley Williams,Singapore,BSc,3.95,333,2,0,2021
A91255884,Kevin Harding,Papua New Guinea,MSc,2.98,340,6,2,2021
A88241494,Michael Powell,Svalbard & Jan Mayen Islands,MSc,3.35,340,11,2,2022
A15470478,Tara Chen,Dominican Republic,BSc,3.5,331,3,2,2022
A83978723,Sarah Wallace,Saint Helena,MSc,3.84,298,3,0,2023
A16978312,Tyler Garcia,Greece,PhD,3.17,327,5,2,2022
A48376025,Kevin Ross,Trinidad and Tobago,MSc,3.37,312,0,0,2023
A35261734,Kimberly Eaton,Vanuatu,MSc,3.26,311,1,0,2019
A73417626,Kevin Tate,Dominica,BSc,3.07,317,5,2,2019
A17039749,Traci Hoffman,Cote d'Ivoire,MSc,3.65,338,1,2,2019
A27944860,Teresa Wright,Brazil,MSc,3.76,310,16,0,2019
A59810406,Martha Wilson,Sri Lanka,MSc,3.34,301,7,1,2022
A60403884,Christian Nelson,El Salvador,MSc,3.99,316,0,0,2020
A20698408,Nicole Daniels,Suriname,BSc,3.67,324,8,1,2019
A30465314,Michael Martinez,Papua New Guinea,MSc,3.96,283,3,0,2022
A18207363,Robert Williams,Jordan,MSc,3.44,319,4,0,2019
A37278833,Peggy Lopez,United States of America,MSc,3.27,314,26,3,2019
A95559855,Dwayne Sampson,Timor-Leste,MSc,3.52,307,10,2,2023
A50261448,Bradley Campbell,India,MSc,3.24,299,12,1,2023
A66458759,Maureen Ball,Heard Island and McDonald Islands,MSc,3.51,321,3,0,2020
A32926876,Angela Hill,Ireland,MSc,3.36,310,2,0,2021
A24876050,Yvonne Craig,Pitcairn Islands,MSc,3.25,311,27,0,2020
A15318050,Jason Leon,Barbados,BSc,2.75,330,48,0,2019
A40644316,Frank Hancock,Anguilla,BSc,3.62,318,24,1,2022
A35545473,Miranda Moore,Aruba,PhD,3.65,305,31,2,2019
A52042133,Kyle Cox,Burkina Faso,MSc,3.3,328,4,1,2022
A72025717,Joshua Brown,Thailand,MSc,3.36,315,11,0,2019
A82457559,Denise Woods,Moldova,BSc,3.16,324,7,1,2019
A33733563,Amy Daniels,Anguilla,BSc,3.24,314,0,2,2020
A51296186,Michelle Murray,Iceland,BSc,3.75,303,17,1,2020
A24576517,Grace Long,Vanuatu,PhD,2.97,304,31,2,2023
A20064153,Dr. Michelle Johnson,Slovakia (Slovak Republic),MSc,3.55,321,2,0,2021
A99002619,Dustin Cook,Saint Lucia,MSc,3.65,340,22,0,2022
A66094894,Phyllis Merritt,Latvia,BSc,3.32,328,2,0,2020
A31490615,Lauren Thompson,Hong Kong,BSc,3.66,335,8,2,2021
A67623256,Christopher Thompson,Costa Rica,MSc,3.42,339,5,1,2019
A30265334,Victor Miller,Central African Republic,BSc,3.51,340,3,2,2023
A16467095,Matthew Ferguson,South Georgia and the South Sandwich Islands,PhD,3.57,331,1,2,2020
A56346547,Adam Smith,Guam,BSc,3.6,313,11,3,2020
A39226302,Jennifer Bush,Slovenia,BSc,3.17,307,16,0,2022
A90147704,Kelly Yates,Jordan,BSc,3.95,326,25,1,2020
A58371937,Stephanie Garcia,Greenland,MSc,3.42,305,19,0,2023
A93576016,Ashley Walker,Saint Martin,BSc,3.73,306,15,2,2019
A16873162,Mr. Jason Medina,United States Minor Outlying Islands,MSc,3.27,301,2,2,2022
A90966209,Austin Spencer,Guam,BSc,3.7,319,1,1,2023
A14406897,Richard Lewis,Slovakia (Slovak Republic),PhD,3.44,320,24,4,2019
A33660182,Patrick Alexander,British Virgin Islands,MSc,3.58,302,11,2,2021
A83455808,Cathy Costa,Armenia,MSc,3.47,331,1,2,2022
A82907574,Samantha Webb,Panama,BSc,4.0,327,6,0,2020
A95709758,Chloe Ware,Liechtenstein,BSc,3.82,311,0,1,2022
A95931168,Steven Parrish,Peru,MSc,3.75,321,5,1,2019
A61513663,Joshua Stanton,Mozambique,BSc,3.05,316,7,0,2023
A80340750,Laurie Schultz,Mongolia,BSc,3.5,300,6,2,2021
A51241020,Edward Armstrong,Liechtenstein,MSc,3.19,327,38,0,2022
A24857502,Randy Smith,Switzerland,BSc,3.26,317,69,1,2019
A59414051,Austin Schmidt,Togo,BSc,3.5,319,2,1,2022
A44335669,Erik Davis,Ethiopia,MSc,4.0,303,0,2,2019
A22058621,Rachel Mccarthy,Armenia,PhD,2.88,301,9,0,2019
A26397996,Colleen Marshall,Cameroon,MSc,3.59,316,35,1,2022
A13628658,Kristy Trujillo,Haiti,BSc,3.17,340,0,0,2019
A73230475,Susan King,French Southern Territories,BSc,3.78,339,0,0,2019
A95210158,Dr. Vincent West DVM,Brazil,BSc,3.72,303,0,0,2022
A21303083,Justin Vasquez,New Caledonia,BSc,3.34,327,12,0,2019
A82536631,Julie Gordon,Argentina,BSc,3.43,314,15,2,2023
A10335611,Austin Ryan,Sudan,BSc,3.18,329,4,1,2021
A26939079,Kevin Bright,Tokelau,BSc,3.0,340,26,1,2021
A53736464,James Brewer,Norway,PhD,3.29,298,10,0,2022
A20900158,Nancy Skinner,Liechtenstein,PhD,3.12,340,9,1,2020
A65927282,Tammy Baker,Cameroon,BSc,3.79,319,19,1,2020
A47943652,Anthony Taylor,Kenya,PhD,3.59,294,12,0,2019
A34681308,Gregory Chapman,Peru,BSc,3.55,317,49,1,2022
A36198289,Cheryl Benjamin,Chad,BSc,3.01,328,9,2,2019
A95002848,Nathan Sanders,Kiribati,BSc,3.99,340,13,0,2023
A22950434,Ricardo White,Romania,MSc,3.45,332,5,1,2021
A46178279,Daniel Mcdonald,Korea,BSc,3.66,309,1,1,2020
A88094520,Lisa Hill,Syrian Arab Republic,MSc,3.04,308,5,1,2023
A85435396,Leah Fernandez,British Virgin Islands,PhD,3.22,340,13,2,2021
A96045491,James Peck,Uzbekistan,BSc,3.33,321,8,1,2023
A50537770,Rodney Wilson,Fiji,PhD,3.39,323,0,2,2020
A13129660,Aaron Saunders,Sri Lanka,BSc,3.03,313,20,2,2021
A12805713,Aaron Anderson,Russian Federation,MSc,2.97,337,1,1,2019
A72407516,Erica Pratt,Gambia,MSc,3.48,329,2,3,2021
A31032442,Leslie Wilson,Brazil,BSc,3.89,335,22,0,2021
A75252158,Joseph Erickson,Palau,BSc,3.04,319,52,1,2019
A60601162,James Ponce,United States Virgin Islands,MSc,3.63,323,2,2,2023
A40195818,Jeremy Roberts,Guatemala,MSc,3.18,335,30,5,2020
A14591647,Eric Beard,Japan,BSc,3.08,327,1,0,2019
A94642510,James Cobb,Martinique,BSc,3.19,339,15,0,2022
A84263898,Susan Jones,Lesotho,BSc,3.62,291,18,1,2023
A44416782,Ana Olson,Namibia,PhD,3.58,333,3,0,2021
A88475712,Frank Nunez,Marshall Islands,BSc,3.52,335,33,2,2021
A89698041,Johnathan Smith,Montenegro,BSc,3.34,340,7,4,2019
A50662112,Melissa Cook,Togo,PhD,3.97,312,3,0,2019
A96954628,Mindy Small,Niue,BSc,3.1,306,4,0,2021
A52304524,Alyssa Flores,Gambia,BSc,3.49,323,5,1,2021
A26537870,Erica Tucker,Sao Tome and Principe,MSc,3.45,307,25,2,2022
A99921085,Anna Sanchez,India,MSc,3.85,340,8,0,2021
A41862186,Amanda Bailey,Czech Republic,MSc,3.34,311,2,1,2021
A70037781,Sean Myers,Guatemala,BSc,3.93,311,14,0,2019
A30131239,Joseph Carpenter,Nicaragua,BSc,3.33,329,3,2,2021
A37240119,Keith Bean,Brazil,BSc,3.32,314,26,4,2023
A39371400,Trevor Martin,Antarctica (the territory South of 60 deg S),MSc,3.45,308,5,0,2021
A43059494,Tracy Tyler,Syrian Arab Republic,PhD,3.49,340,1,0,2019
A21563504,Calvin Martin,Senegal,BSc,3.34,323,22,1,2022
A90026087,Lori Barnes,Equatorial Guinea,BSc,3.86,325,5,2,2020
A68453369,Anna Weber,Korea,MSc,3.57,324,12,5,2023
A18569847,Elizabeth Hurst,Brunei Darussalam,MSc,3.91,329,2,2,2019
A66132388,Thomas Hood,North Macedonia,MSc,3.45,322,4,1,2019
A72986223,Shirley Anderson,Lao People's Democratic Republic,BSc,3.63,326,8,0,2022
A66236510,Randall Reid,Namibia,MSc,3.75,297,47,1,2020
A32341298,Whitney Garcia,Argentina,MSc,3.69,340,18,0,2023
A70798287,Roger Walker,Jamaica,MSc,3.57,340,39,1,2019
A47425363,Sean Richardson,Namibia,BSc,3.55,326,0,0,2023
A40086794,Chelsea Obrien DDS,Saint Pierre and Miquelon,MSc,3.39,322,10,1,2023
A15787968,Kyle Castillo,Germany,BSc,3.33,325,17,0,2023
A58971343,Michael Ortiz,Senegal,MSc,3.97,319,13,1,2020
A18223791,Ryan Kramer PhD,Saudi Arabia,BSc,3.13,317,19,1,2020
A22516045,Joseph Foster,Senegal,BSc,3.57,311,12,0,2022
A45743593,Austin Hall,Swaziland,PhD,3.7,318,6,1,2021
A15672509,Mr. Brandon Koch,Saint Vincent and the Grenadines,MSc,3.77,316,3,0,2021
A27252813,John Anderson,Heard Island and McDonald Islands,MSc,3.52,316,5,3,2019
A53017759,Deborah Mueller,Mozambique,BSc,3.6,326,17,3,2021
A94375158,Stephen Kennedy,Haiti,BSc,3.87,327,7,0,2023
A56671254,Antonio Silva,Western Sahara,MSc,3.61,308,6,0,2021
A81844975,Jorge Mason,American Samoa,MSc,3.28,319,10,0,2021
A68779777,Kyle Russo,Gabon,BSc,3.31,334,7,0,2022
A19609036,John Haney,Haiti,MSc,3.45,309,7,1,2021
A27016109,Gary Powell,Congo,BSc,3.74,326,18,0,2019
A59613928,Terry Butler,Bahamas,BSc,3.21,319,3,1,2019
A13390422,Randall Lambert,Solomon Islands,PhD,4.0,319,14,1,2020
A14204301,Matthew Thompson,Mozambique,BSc,3.56,289,1,1,2021
A54016632,Crystal Ballard,Albania,PhD,3.45,309,1,3,2020
A18725943,Samuel Reed,Ukraine,MSc,3.92,333,0,1,2019
A80352020,Susan Pittman,Mali,MSc,4.0,325,24,2,2022
A47581120,Christina Snyder,Saint Barthelemy,BSc,3.53,334,20,1,2022
A68850946,Sarah Guerra,Isle of Man,PhD,4.0,322,1,0,2023
A50937445,Timothy Saunders,Papua New Guinea,BSc,3.3,312,24,0,2019
A13914083,Brandy Thompson,Sierra Leone,MSc,3.66,311,12,1,2023
A13695566,Angel Eaton,Greece,MSc,3.22,331,67,2,2019
A90061950,Jamie Smith,Macao,MSc,3.35,323,0,0,2021
A55150773,Anthony Williams MD,Mongolia,MSc,3.83,318,15,2,2021
A35015102,Teresa Barnett,Vanuatu,MSc,3.03,340,15,3,2021
A54227501,Cheryl Sanchez,Singapore,BSc,3.7,296,29,0,2021
A45502931,Steve Miles,Cook Islands,BSc,3.94,340,15,0,2019
A41533368,Timothy Fisher,Gibraltar,BSc,3.65,323,2,0,2022
A19280043,Brett Blake,Oman,BSc,3.49,337,3,2,2022
A94152162,John Nelson,Netherlands Antilles,BSc,3.84,293,2,2,2019
A71272693,Alexander Marshall,Ethiopia,MSc,3.11,337,17,0,2020
A37224295,Stephanie Cervantes,Peru,PhD,3.49,327,3,0,2019
A59900206,Meghan Turner,Ecuador,BSc,3.52,300,4,2,2019
A19258823,Brian Holloway,British Virgin Islands,BSc,3.95,332,2,0,2019
A11553258,Michaela Patel,Martinique,BSc,3.4,340,22,3,2021
A22672907,Dawn Jensen,Guatemala,MSc,3.4,311,0,2,2019
A58739130,James Pineda,Monaco,BSc,3.46,304,32,1,2022
A37023943,Suzanne Allen,Guadeloupe,BSc,3.77,325,7,1,2020
A45124020,Judy Aguilar,Mexico,MSc,3.24,326,0,1,2023
A98645287,Brady Vega,Belgium,BSc,3.68,304,42,0,2021
A87141011,Jessica Johnson,Saint Kitts and Nevis,BSc,3.31,340,24,0,2022
A87261733,Jennifer Hendricks MD,Congo,BSc,3.76,327,34,2,2022
A20378792,Zachary Mcgee,Spain,MSc,3.56,335,0,3,2019
A64231270,Stephanie Meyer,Marshall Islands,BSc,3.17,340,12,0,2022
A87777204,Bruce Meyers,South Africa,BSc,3.8,316,18,3,2019
A78676162,Tracy York,Trinidad and Tobago,MSc,3.86,301,19,2,2019
A15293546,Kayla Cook,Dominica,MSc,3.45,321,9,0,2020
A55011880,Tiffany Murphy,Albania,MSc,3.17,298,6,1,2019
A87273142,Matthew Holland,Congo,PhD,3.03,315,5,0,2019
A97027933,Sarah Foster,Bangladesh,BSc,3.55,309,13,1,2020
A85982833,Amanda Garcia,Estonia,MSc,3.79,315,8,1,2022
A71096866,Edward Mack,Slovenia,PhD,3.15,297,6,2,2021
A56670916,Travis Wang,China,BSc,3.7,328,15,1,2022
A22819688,Daniel Stewart,Saint Kitts and Nevis,BSc,3.73,324,3,1,2022
A36946800,Joshua Fuller,Jordan,PhD,3.44,328,1,1,2022
A51624265,Denise Lopez,Gambia,BSc,3.2,303,19,1,2020
A46520515,Molly Williams,Yemen,BSc,3.95,331,3,1,2023
A33278900,Mark Gilmore,Sao Tome and Principe,BSc,3.67,305,2,2,2021
A67226925,Dr. Kristy Castaneda,Iraq,MSc,3.02,326,39,2,2020
A16038613,James Hobbs,Holy See (Vatican City State),BSc,3.54,313,36,3,2023
A36284260,Mary Cooper,Romania,BSc,3.65,300,6,2,2019
A58058633,Catherine Foster,Seychelles,MSc,3.72,309,3,2,2022
A93568116,Jennifer Boyle,Gibraltar,BSc,3.57,308,7,1,2021
A25692917,Michelle Price,Palestinian Territory,PhD,3.69,326,2,0,2023
A88785443,Mary Morgan,Slovakia (Slovak Republic),MSc,3.51,317,11,1,2023
A39330553,Blake Taylor,Congo,PhD,3.94,294,8,1,2020
A40613057,Veronica Ramirez,Cook Islands,BSc,3.26,340,6,3,2021
A83197744,Eric Sutton,Gabon,BSc,3.59,311,10,0,2022
A42437430,Kimberly Martin,France,MSc,3.17,309,5,0,2022
A93536689,Gregory Robinson,Malawi,MSc,3.27,320,19,0,2020
A40495939,Norman Carr,Niger,BSc,3.81,321,12,1,2021
A44245181,Jason Parker,Sudan,BSc,3.87,301,61,2,2023
A20251745,Jasmine Santana,Bosnia and Herzegovina,BSc,3.29,319,9,1,2022
A34478289,Michelle Bennett,Kyrgyz Republic,MSc,3.2,329,9,0,2019
A38640901,Charles Davies,Congo,BSc,3.98,315,5,3,2019
A82044587,Ryan Parker,Comoros,MSc,3.17,315,58,3,2022
A71576999,Scott Fields,Hungary,BSc,3.28,323,16,0,2019
A83458176,Jodi Rivera,Montserrat,BSc,3.65,328,14,0,2023
A10544966,Isabella Berger DDS,Cameroon,MSc,3.18,306,5,0,2019
A68737316,Cindy Gonzalez,Zimbabwe,BSc,3.53,330,4,1,2021
A54090347,David Wiggins,Turks and Caicos Islands,MSc,3.62,340,30,3,2021
A73647387,Paige Sherman MD,Palestinian Territory,MSc,3.37,337,25,3,2020
A36609880,Randy Miller,Brunei Darussalam,MSc,3.45,308,2,1,2019
A85574864,Christopher Smith,Western Sahara,BSc,3.52,322,20,0,2023
A97383290,Tracy Macdonald,Kyrgyz Republic,MSc,4.0,315,17,0,2021
A56800390,Krystal Navarro,Spain,BSc,2.74,320,1,1,2023
A44429874,Heather Walker,Guinea,BSc,3.52,327,40,1,2023
A27662887,Megan Adams,Bermuda,BSc,2.7,324,1,1,2021
A19560691,William Clark,Kiribati,BSc,3.96,338,1,0,2021
A21489200,Bethany Weber,Chad,BSc,3.44,340,0,1,2020
A14072561,Isaac Stevens,Montserrat,BSc,3.33,313,1,1,2022
A48150925,Cindy Sanchez,Paraguay,MSc,3.38,322,8,3,2019
A48804081,Jeremy Jackson,Estonia,MSc,3.65,340,6,0,2023
A84712435,Troy Henderson,Saint Martin,BSc,3.46,334,2,1,2021
A49655612,Mr. Robert Cook,Ethiopia,MSc,3.66,331,17,0,2021
A88916983,Kimberly Contreras,Bermuda,MSc,3.33,281,0,0,2022
A52844187,Amanda Decker,Georgia,BSc,3.34,325,9,0,2021
A22205853,Donna Browning,Pitcairn Islands,BSc,3.5,328,1,1,2022
A42191202,Sophia Ellis,Aruba,MSc,3.14,319,4,2,2020
A61636353,Rose Long,Dominica,MSc,3.24,285,18,3,2022
A27294644,Colleen Sweeney,Gibraltar,BSc,3.32,340,3,1,2021
A23008213,Manuel Torres,Cape Verde,BSc,3.47,333,12,3,2021
A37548385,Michael Taylor,Mali,BSc,3.51,308,1,2,2019
A49628966,Zachary Smith,Greece,BSc,3.39,322,0,0,2023
A24925140,Mrs. Sarah Gallegos,United States of America,PhD,3.1,305,5,2,2022
A27690954,Dr. Molly Goodwin DVM,Saint Pierre and Miquelon,BSc,3.86,330,3,0,2021
A72654715,Sarah Phillips,Wallis and Futuna,BSc,3.8,308,11,1,2021
A94884267,Tara Joseph,Fiji,BSc,3.58,306,17,2,2023
A98244497,Jennifer Scott,American Samoa,BSc,3.94,340,16,2,2021
A20767813,Christine Morris,Chad,MSc,3.67,316,3,1,2022
A83926389,Robin Hughes,Panama,MSc,4.0,303,34,0,2019
A22509763,John Jackson DDS,Kyrgyz Republic,MSc,3.43,315,26,1,2019
A65976878,Jennifer Crawford,Cyprus,BSc,3.59,323,22,1,2019
A29215894,Scott Jones,Hungary,BSc,3.43,340,22,3,2021
A23287321,Derrick Carter,New Zealand,BSc,3.6,320,33,0,2020
A15686514,Charles Hughes,Uganda,MSc,3.47,318,15,1,2022
A41649415,Jennifer Hatfield,Italy,PhD,3.87,320,15,2,2023
A64674649,Benjamin Davis,Peru,BSc,3.67,293,14,3,2020
A11937713,Tracy Johnson,Aruba,BSc,3.42,319,3,2,2020
A76295711,Robert Ray,Moldova,BSc,3.89,313,2,2,2019
A95172061,Priscilla Vega,Turkmenistan,MSc,3.35,303,18,1,2023
A78925409,Laurie Hutchinson,Cyprus,BSc,3.26,329,38,1,2019
A99872167,Joseph Gaines,Saint Barthelemy,MSc,3.36,307,25,2,2021
A22389464,Kenneth Brooks,Grenada,MSc,3.68,325,10,1,2023
A18830212,Leah Hanson,Croatia,BSc,3.04,338,18,0,2022
A43664892,Kimberly Vega,Ethiopia,PhD,3.33,340,12,0,2020
A12851027,Michael Gonzalez,Germany,BSc,3.96,340,9,3,2020
A60822690,Molly Lane,Burkina Faso,BSc,3.5,339,0,0,2023
A99242404,Amanda Diaz,Niue,MSc,3.83,310,14,2,2020
A69941038,David Davis,Saint Pierre and Miquelon,BSc,3.37,306,6,0,2019
A61549183,Sean Jones,Turkmenistan,PhD,3.64,299,15,3,2022
A27138803,Rebecca Davis,Norway,BSc,3.87,328,1,2,2023
A11783959,Kelly Sanchez,Switzerland,BSc,4.0,340,2,1,2019
A33978247,Joshua Thompson,Bouvet Island (Bouvetoya),PhD,3.34,331,8,0,2021
A17518592,Peter Dorsey,Comoros,MSc,3.81,317,22,0,2020
A18769061,Amanda Browning,Fiji,MSc,3.44,340,7,0,2023
A60486021,Richard Gonzales,Chad,BSc,3.56,314,8,2,2023
A16225691,John Lang,Svalbard & Jan Mayen Islands,MSc,3.61,303,1,3,2019
A25462807,Tiffany Johnson,Armenia,BSc,3.47,316,3,0,2021
A74828878,Brooke Gilbert,British Virgin Islands,BSc,3.43,325,3,2,2021
A86767814,Deborah Miller,Senegal,BSc,3.49,308,0,0,2020
A70972559,Tiffany Montgomery,Luxembourg,MSc,2.77,333,5,1,2023
A54548701,Russell Buckley,Bouvet Island (Bouvetoya),BSc,3.57,321,9,1,2022
A31208102,Jennifer Castro,Slovakia (Slovak Republic),BSc,3.03,312,15,1,2022
A68723755,Crystal Williams,Tonga,BSc,3.17,328,9,2,2020
A73958868,James Hale,American Samoa,BSc,3.26,315,1,0,2021
A85552327,Hunter Guerrero,Jamaica,BSc,3.69,313,9,1,2021
A31591590,Tracy Johnson,Australia,BSc,3.63,330,0,2,2023
A52015052,Richard Henderson,Tokelau,BSc,3.18,276,2,3,2019
A15186612,Amber Bailey,Cuba,MSc,4.0,304,9,0,2021
A33869181,Aaron Alvarez,Northern Mariana Islands,BSc,3.92,320,7,0,2019
A94494088,Patricia Perez,Tuvalu,BSc,3.31,329,3,0,2020
A72471860,Nicholas Walsh,Lao People's Democratic Republic,BSc,3.85,308,8,0,2020
A92226712,Chad Scott,Belarus,BSc,3.39,327,7,2,2019
A62646159,Henry Caldwell,Togo,BSc,3.48,308,28,1,2019
A36612469,Daniel Davis,France,PhD,3.59,308,20,1,2020
A34808246,Richard Brock,Korea,BSc,2.95,323,18,2,2020
A44493840,Isaac Wells,India,MSc,3.73,317,9,0,2019
A25548864,Andrew Chang,Panama,MSc,3.79,329,4,2,2023
A42495302,Jeffrey Elliott,Aruba,MSc,3.34,312,26,1,2019
A29757358,Stephen Burns,United States of America,BSc,4.0,303,1,4,2021
A19577365,Teresa Smith,Greenland,BSc,3.18,326,25,1,2019
A86428374,Heather Dalton,Ireland,MSc,3.51,315,8,2,2020
A88333440,Ashley Barrett,Slovakia (Slovak Republic),MSc,3.26,328,23,3,2019
A42860775,John York,Chad,BSc,3.9,318,7,1,2021
A36034372,Ethan Huber,Peru,BSc,3.35,334,2,2,2022
A43882779,Daniel Clark,Azerbaijan,MSc,3.33,313,5,2,2019
A58196951,Catherine Pham,Jamaica,MSc,3.04,338,22,2,2022
A77587517,Joseph Miller,Saint Pierre and Miquelon,MSc,3.61,308,4,1,2020
A46307714,Dave Hoffman,Turks and Caicos Islands,MSc,3.58,316,3,1,2019
A57797420,Ray Wilson,Niger,MSc,3.91,335,8,1,2022
A84221621,Mark Cline,Chile,MSc,3.65,322,24,3,2019
A46408289,Jeffrey Shelton,Trinidad and Tobago,MSc,3.58,329,9,0,2019
A12284225,Jason Weaver,Mauritius,MSc,2.99,285,23,1,2023
A64013815,Margaret Campbell,Kenya,MSc,3.34,318,16,1,2022
A24423459,Emily Brown,Canada,MSc,3.37,331,28,2,2020
A76109360,Sharon Reyes,Moldova,BSc,3.77,312,3,1,2020
A15187871,Austin Johnson,Aruba,BSc,3.61,340,1,0,2023
A94286340,Jay Strickland,Wallis and Futuna,BSc,3.49,315,4,1,2023
A13998897,Kathy Hernandez,Antarctica (the territory South of 60 deg S),PhD,3.82,307,0,4,2020
A63859673,Dennis Lewis,Marshall Islands,BSc,3.72,310,0,3,2023
A14136124,Jack Hood,Armenia,BSc,3.22,323,1,4,2023
A90349650,Laurie Best,Comoros,MSc,2.7,330,4,2,2023
A17451527,Alison Perry,Kyrgyz Republic,MSc,3.46,334,11,2,2019
A75223210,Jeremy Murray,Turkmenistan,PhD,3.52,295,1,1,2023
A35150602,Shelly Davidson,Guatemala,MSc,3.63,322,11,2,2021
A88476910,Chad Lee,Afghanistan,BSc,3.47,317,5,1,2023
A85680849,John Marsh,South Africa,BSc,3.37,309,42,1,2020
A97265453,Richard Young,San Marino,MSc,3.64,301,3,0,2020
A81820849,Kathy Morgan,France,BSc,3.44,320,0,0,2019
A87661257,Nicholas Martin,Kazakhstan,MSc,3.83,311,10,1,2020
A32681984,Anne Peters,Azerbaijan,BSc,3.45,330,1,1,2019
A96317245,Andrea Booker MD,Mongolia,MSc,3.53,287,24,3,2021
A86677684,Regina Vasquez,Falkland Islands (Malvinas),MSc,3.29,297,6,2,2020
A31597731,Ryan Olson,Sri Lanka,BSc,3.03,333,20,2,2020
A15980464,Eduardo Carpenter,Venezuela,PhD,3.36,322,3,0,2023
A87711938,Charles Wiggins,Tajikistan,MSc,3.98,333,1,1,2019
A96790033,Brian Rogers,Gambia,BSc,3.23,315,6,1,2020
A25227721,Joshua Murray,Madagascar,MSc,3.43,310,34,2,2023
A79407208,Sarah Curtis,North Macedonia,BSc,3.47,320,12,4,2023
A21583001,Linda Serrano,Cambodia,BSc,3.16,321,0,1,2023
A99620537,William Davis,Iran,MSc,4.0,312,0,0,2023
A67789680,Patricia Webb,Lithuania,MSc,2.91,330,15,3,2023
A95996488,Cassandra Pugh,Lebanon,BSc,3.14,333,4,2,2020
A94054376,Christina Mcdonald,Bahrain,BSc,3.59,323,29,1,2021
A60066394,Jeffrey Anderson,Lesotho,MSc,2.95,337,11,2,2022
A67783976,Elizabeth Williams,Sao Tome and Principe,BSc,3.42,301,1,2,2020
A42998490,Rebecca Jones,Kenya,MSc,3.51,317,12,1,2021
A26859150,Kenneth Schultz,Azerbaijan,MSc,2.99,307,13,1,2021
A93031631,Michael Hines,Myanmar,MSc,4.0,313,1,1,2022
A13876117,John Bell,Belgium,MSc,3.66,320,5,0,2019
A41228621,James Myers,New Zealand,MSc,3.47,314,2,0,2019
A65331040,Lauren Evans,Jordan,BSc,3.42,340,4,1,2022
A72889583,Leslie Palmer,French Southern Territories,MSc,3.47,323,26,3,2021
A45897716,Edward Williams,Sweden,PhD,3.47,326,5,1,2020
A77657140,Renee Yang,Italy,PhD,3.55,302,9,2,2020
A97416106,Brandi Christensen,Uganda,MSc,3.18,306,2,0,2021
A50159168,Briana Smith,Greenland,BSc,3.12,307,40,1,2020
A79038660,Michael Wheeler,Bahamas,BSc,3.18,323,7,2,2022
A75846472,William Bush,Wallis and Futuna,BSc,3.83,340,11,0,2019
A58393790,Terry Mcneil,Latvia,MSc,3.36,318,7,1,2022
A83485247,Judy Bryant,Costa Rica,BSc,3.58,340,24,0,2021
A56192313,Elizabeth Sawyer,United States Minor Outlying Islands,BSc,3.39,324,18,0,2022
A98982209,Jerry Holmes,Congo,BSc,3.46,302,47,2,2020
A35688196,Monica Harper,Venezuela,MSc,3.07,307,2,1,2023
A58483444,Jose Jones,Uruguay,BSc,2.86,340,10,3,2020
A63403355,Madison Pearson,Ireland,PhD,3.62,340,37,0,2021
A34048527,Melissa Shannon,Zambia,BSc,3.85,316,26,0,2023
A75836863,Debra Dunlap,Malaysia,BSc,3.46,335,8,2,2021
A10524048,Bianca Frazier,Turks and Caicos Islands,BSc,4.0,316,15,1,2019
A72111350,Elizabeth Shaw,Svalbard & Jan Mayen Islands,PhD,3.21,299,19,0,2020
A57076055,Wendy Frazier,Bhutan,MSc,3.79,327,4,0,2019
A50472676,Christie Richardson,Egypt,BSc,3.72,327,16,0,2021
A54377920,Melissa Anderson,Bahrain,BSc,3.74,331,12,3,2021
A83322722,Joseph Holden,Sudan,MSc,3.25,319,6,1,2022
A16921862,Darren Gonzales,Martinique,BSc,3.26,315,19,1,2020
A39594083,Amy Aguilar,Somalia,PhD,3.51,329,4,0,2021
A40986397,James Allison,Kazakhstan,BSc,3.94,320,14,0,2020
A67547377,Patricia Rocha,Spain,BSc,3.45,309,4,0,2023
A29856783,Cathy Jones,Haiti,BSc,3.76,310,31,2,2019
A42320514,Jay Lee,Peru,MSc,3.04,318,12,2,2019
A66334538,Ann Dixon,Ethiopia,MSc,3.24,325,26,1,2021
A76832850,Natalie Johnson,Yemen,MSc,4.0,338,0,1,2023
A75342316,Cassidy Erickson,Germany,BSc,3.75,328,19,1,2019
A33429084,Jennifer Petersen,Central African Republic,BSc,3.62,312,3,1,2019
A55465983,Shannon Mcdaniel,El Salvador,MSc,3.6,305,0,1,2020
A46018078,Angela Gonzalez,Anguilla,BSc,3.5,319,0,0,2022
A41172840,Hannah Hayes,Western Sahara,BSc,3.4,322,21,0,2021
A46656252,Carlos Williams,Taiwan,BSc,3.75,306,4,0,2021
A84089377,Glenda Nelson,Yemen,BSc,3.1,307,22,1,2023
A90826064,Robert Tucker,Tokelau,MSc,3.45,334,28,2,2023
A72920801,Patricia Hahn,El Salvador,BSc,3.48,340,5,2,2023
A85629059,Stephanie Jackson,Andorra,BSc,3.66,307,13,4,2023
A79958363,Ashley Hoffman,Colombia,BSc,3.56,315,12,0,2022
A15780702,Denise Fields,Luxembourg,BSc,3.62,318,8,1,2020
A89357443,Julia Campbell,Kazakhstan,MSc,3.33,301,5,0,2023
A81791474,Charles Craig,Zimbabwe,BSc,3.36,340,20,1,2019
A91406379,Daniel Martinez,Liberia,MSc,3.39,340,25,0,2023
A96794939,Erica Green,Canada,BSc,3.79,340,4,0,2021
A50377184,Emily Thomas,Netherlands Antilles,BSc,3.88,332,4,1,2019
A58118435,Gregory Moore,Austria,MSc,3.23,329,26,0,2021
A81317007,Rebecca Cooper,Papua New Guinea,PhD,3.34,317,1,1,2022
A35580226,Stephen Beck,Dominica,BSc,3.04,302,0,0,2022
A58841528,Morgan Mcdaniel,Pitcairn Islands,BSc,3.43,280,6,2,2022
A95999254,Kerry Gill,Liberia,BSc,3.66,319,8,1,2020
A77270805,Richard Bishop,Dominica,BSc,3.71,330,8,1,2020
A90989918,Tiffany Brown,Nepal,BSc,3.43,322,3,0,2023
A90063105,Bryan Torres,Peru,MSc,3.79,308,8,1,2019
A95795887,Mike Kelly,Micronesia,BSc,3.55,320,22,0,2020
A67491098,Joshua Hernandez,Malta,BSc,3.55,323,18,1,2021
A76067955,Jeffrey Hall,British Indian Ocean Territory (Chagos Archipelago),BSc,3.38,317,3,0,2022
A26980488,Tina Evans,Seychelles,BSc,4.0,318,7,0,2021
A53532618,Jonathan Roberts,Indonesia,MSc,3.66,320,0,1,2019
A11574930,Chase Gray,Finland,MSc,3.39,315,11,2,2022
A95294139,John Howard,Estonia,BSc,3.65,337,5,1,2019
A50803567,Jeffrey Lucas,Aruba,BSc,3.69,316,4,2,2019
A83862915,Kayla Obrien,Martinique,MSc,3.17,317,38,1,2020
A91765841,Danielle Bender,Reunion,PhD,4.0,320,0,0,2019
A17794796,Justin Morris,Mongolia,BSc,3.45,340,9,1,2019
A68633348,Kimberly Watson,Belgium,PhD,3.44,301,2,0,2021
A37219592,Adam White,United States Virgin Islands,MSc,3.63,325,3,1,2020
A91982871,Tristan Schultz,Iran,MSc,3.02,326,6,1,2023
A96017501,Donald Olson,New Zealand,MSc,3.55,320,2,6,2019
A70916963,Russell Parker,Svalbard & Jan Mayen Islands,PhD,3.47,301,15,0,2020
A93429711,Anna Gross,Mayotte,BSc,3.92,337,2,2,2023
A73652669,Jeffery Thompson,Israel,BSc,3.69,316,3,1,2022
A52563917,Edward Hill,Turks and Caicos Islands,MSc,3.76,313,15,0,2022
A18833876,Kelly Wilson,Luxembourg,BSc,3.37,319,7,1,2020
A72370105,Rebecca Larsen,Iran,BSc,3.27,296,30,1,2019
A34725664,Stephanie Washington,Malta,BSc,3.31,339,5,4,2020
A21500231,Benjamin Little,Nigeria,BSc,3.29,331,9,1,2022
A26553135,Anthony Rogers,Saint Martin,MSc,3.29,311,30,0,2021
A87654496,Aaron Hess,Bahamas,MSc,3.04,320,0,0,2022
A47871239,Cindy Bonilla,Uganda,BSc,3.56,317,3,2,2023
A88767398,Donna Taylor,Paraguay,MSc,3.66,340,17,0,2019
A87008085,Andrew Wyatt,Senegal,PhD,3.73,315,35,2,2022
A76975091,Jose Carey,Montserrat,BSc,3.39,267,2,1,2023
A72901734,Laura Scott,Panama,PhD,3.77,313,2,0,2023
A72363674,Anthony George,Saudi Arabia,BSc,2.72,322,19,1,2021
A18422409,Chris Lawson,Afghanistan,MSc,3.81,331,12,0,2020
A53709365,Kenneth Norris,Anguilla,PhD,3.53,335,3,1,2021
A94748431,David Harris,Cook Islands,MSc,3.6,312,0,1,2020
A44794871,Christy Anderson,Ghana,MSc,3.28,304,4,0,2020
A37064736,Cynthia White,Brunei Darussalam,MSc,3.87,332,22,1,2020
A44520674,Erin English MD,Grenada,BSc,3.86,305,20,0,2021
A19679376,Megan Howard,Guinea,MSc,3.74,316,19,2,2020
A27974339,Andrew Thompson,Andorra,MSc,4.0,334,0,2,2022
A90792235,Joseph Parker,Barbados,MSc,3.63,340,36,0,2022
A66334243,William Mccall,Bermuda,BSc,3.7,297,4,2,2023
A47696911,Dana Brown,Cameroon,BSc,4.0,340,5,4,2023
A15882298,Kayla Barber,Ecuador,MSc,3.57,327,15,1,2021
A83501470,Sara Gonzalez,United Kingdom,MSc,3.34,328,5,2,2023
A13017836,Dr. Charles Gonzalez,Saint Kitts and Nevis,MSc,3.82,334,9,2,2019
A17082520,Kevin Thomas,Vietnam,BSc,3.64,311,15,1,2022
A52024787,Amanda Weeks,Kuwait,BSc,3.04,314,14,3,2020
A92749491,Cory Foster,Bahamas,MSc,4.0,320,23,0,2021
A24430615,Nicole Decker,Palau,BSc,3.57,340,6,0,2022
A12522891,Paul Chapman,Moldova,BSc,3.16,304,24,2,2021
A78160185,Kelly Washington,Afghanistan,BSc,3.83,340,21,1,2019
A23620446,Michelle Cervantes,Mauritania,BSc,3.39,322,9,0,2022
A14300323,Ruth Brooks,Mayotte,BSc,3.19,299,11,1,2020
A75484738,Spencer Martin,Cape Verde,MSc,3.29,317,18,0,2023
A51264092,Matthew Smith,Antarctica (the territory South of 60 deg S),MSc,4.0,310,4,0,2023
A82824621,Michael Aguilar,Cameroon,BSc,3.66,317,12,2,2019
A61563146,Haley Taylor,Egypt,BSc,3.96,312,1,0,2019
A33761171,Taylor Warren,Costa Rica,MSc,3.35,294,47,0,2019
A11773542,Donna Alvarez,Cameroon,BSc,3.1,321,42,0,2020
A14859378,Kenneth Marquez,Sweden,MSc,3.95,310,14,1,2023
A74373440,Joseph Cummings,Turkmenistan,PhD,3.05,310,2,1,2021
A57853078,Mrs. Heather Jackson PhD,Solomon Islands,MSc,3.78,300,41,1,2020
A28203076,Mark Morgan,Japan,MSc,3.34,315,10,2,2023
A29745489,Lisa Jordan,Singapore,MSc,3.74,302,14,1,2022
A32010617,Veronica Li,Guatemala,BSc,3.7,296,24,1,2023
A29796795,Lisa Meyer,Argentina,BSc,3.67,325,2,2,2023
A97794670,Kelsey Williams,Chile,BSc,3.43,319,10,0,2021
A27210139,Gary Campbell,Ireland,BSc,3.67,319,6,1,2021
A96779842,Denise Lynch,Somalia,MSc,3.24,317,16,2,2021
A69622402,Dennis Bowen,Kuwait,MSc,4.0,312,0,2,2019
A37417070,Karen Massey,Uzbekistan,BSc,3.74,305,1,0,2020
A85377302,Clifford Johnson,Monaco,MSc,3.61,328,0,0,2020
A92463891,Gerald Turner,Antarctica (the territory South of 60 deg S),MSc,3.29,306,3,0,2019
A96833203,Ruben Vargas,Saint Lucia,BSc,4.0,315,11,1,2022
A72409576,Johnny Hill,Antigua and Barbuda,BSc,3.65,327,32,1,2020
A66300243,Katelyn Lang,Sri Lanka,BSc,3.93,330,16,1,2023
A48569006,Ashley Baker,Chad,BSc,3.7,316,10,1,2022
A29123598,Richard Romero,Ireland,MSc,3.74,315,13,2,2021
A66824183,Andrea Brooks,North Macedonia,BSc,3.75,304,6,1,2019
A67242651,Amy Burns,South Georgia and the South Sandwich Islands,BSc,3.34,332,7,0,2022
A26053810,Mark Tapia,Vietnam,MSc,3.51,291,0,2,2021
A39825411,Bernard Reynolds,Pakistan,PhD,3.35,340,12,0,2020
A55781066,William Ramsey,Ecuador,MSc,3.42,315,0,0,2022
A92089251,Deborah Smith,Malta,BSc,3.74,325,20,1,2020
A84475272,Daniel Wade,Burundi,BSc,3.2,303,3,1,2021
A25703806,Jason Hampton,French Polynesia,BSc,3.09,300,21,1,2020
A30287300,Kevin Krause,Namibia,MSc,3.16,299,8,2,2019
A68910986,Kimberly Ramsey,Israel,MSc,3.82,287,8,0,2023
A64496316,Taylor Boyd,Pitcairn Islands,MSc,3.63,332,21,2,2021
A83037753,Frank Villanueva,Falkland Islands (Malvinas),MSc,3.17,325,13,0,2022
A20093747,Steven Beasley,Afghanistan,BSc,3.19,331,1,0,2020
A10661628,Michelle Page,Namibia,BSc,3.53,340,2,0,2023
A57103301,Michelle Terry,Saint Kitts and Nevis,BSc,3.42,326,5,0,2021
A83744130,Jose Bell,Burkina Faso,BSc,3.53,297,11,0,2021
A25958793,Carol Duncan,Lithuania,MSc,3.46,311,3,0,2019
A94676194,Tanner Calhoun,South Africa,MSc,3.53,326,9,1,2019
A38281954,Kelly Thornton,Azerbaijan,BSc,4.0,325,14,0,2023
A89057315,Sherri Brown,Montserrat,MSc,2.71,320,24,2,2021
A67311937,April Howe,Nepal,MSc,3.22,323,4,0,2019
A44113812,Victoria Gaines,United Kingdom,MSc,3.2,329,5,1,2022
A95516388,Jay Larsen,Pitcairn Islands,BSc,2.7,323,0,1,2022
A25790923,Timothy Sanders,Micronesia,BSc,4.0,303,11,1,2022
A24005356,Mary Cruz,Haiti,BSc,3.87,321,20,2,2019
A88212475,Alexis Singh,Antigua and Barbuda,MSc,3.43,340,2,3,2023
A50239158,Nicholas Smith,Jersey,MSc,3.87,313,27,0,2019
A56891748,Christina Parker,Marshall Islands,MSc,3.75,286,41,0,2023
A52798482,Brian Harris,Mexico,PhD,3.32,323,5,3,2022
A56736802,Samantha Rodgers,Pakistan,BSc,3.18,309,5,1,2022
A24864063,Lawrence Cochran,Equatorial Guinea,BSc,3.32,286,15,2,2020
A99382970,Mike Barron,United Kingdom,MSc,3.7,302,7,0,2019
A74429810,Gloria Brown,Cameroon,BSc,3.68,330,9,0,2020
A39614325,Bethany Diaz,Denmark,BSc,3.64,340,18,3,2021
A36740261,Meagan Hernandez,China,BSc,3.82,340,16,0,2021
A36628198,Mrs. Ashley West,Finland,MSc,3.55,318,16,3,2022
A81304073,Lauren Horne,Turkey,BSc,3.56,334,12,0,2023
A48116614,William Estrada,Mali,MSc,4.0,316,3,0,2023
A32627986,Erika Payne,Mozambique,MSc,3.17,308,2,2,2020
A65907789,William Mills,Comoros,BSc,3.23,340,20,2,2019
A75351007,Jerry Lopez,Zimbabwe,BSc,3.17,333,33,1,2023
A53457356,Robert Meadows,United States of America,BSc,3.25,310,14,0,2022
A83309595,Catherine James,Solomon Islands,BSc,3.04,329,13,3,2021
A82054555,Randy Brown,Saint Helena,MSc,3.58,311,5,1,2021
A43849363,Sherry Stafford,Ghana,MSc,3.4,327,9,0,2021
A66050752,Daniel Pittman,Palau,BSc,3.13,337,27,1,2021
A91708242,Kara Webster,Nigeria,BSc,3.6,324,3,1,2022
A83130835,Heidi Strickland,Uruguay,BSc,3.85,307,19,2,2019
A46924756,Alexandra Little,Sudan,MSc,3.47,312,1,0,2023
A85400364,Jill Moses,Gabon,MSc,3.86,311,10,1,2023
A30242557,Joshua King,Kazakhstan,BSc,3.69,339,17,0,2019
A63836533,Colleen Wright,Uganda,PhD,3.62,336,9,3,2022
A56948619,Megan Alexander,Cyprus,MSc,4.0,312,5,0,2019
A10670150,Tony Dunn,San Marino,BSc,3.71,322,31,1,2019
A26170322,Matthew Chang,Pitcairn Islands,PhD,3.69,333,10,0,2022
A61367176,David Marks PhD,Northern Mariana Islands,MSc,4.0,312,13,2,2022
A86844952,Jessica Smith,Saint Vincent and the Grenadines,MSc,4.0,320,14,1,2019
A30980610,Aaron Gregory,Holy See (Vatican City State),PhD,3.62,304,10,0,2019
A29057405,Tina Hale,Argentina,BSc,3.38,340,13,1,2021
A34528165,Valerie Franklin,French Southern Territories,PhD,3.97,332,21,3,2021
A93061763,Jessica Gates,Cambodia,MSc,3.17,315,10,0,2020
A60611677,Maria Clark,Malawi,MSc,3.55,331,10,1,2023
A95804415,Russell Harris,Cote d'Ivoire,BSc,3.48,313,1,4,2021
A53330848,Sarah Gonzalez,India,MSc,3.69,307,4,2,2021
A79772140,Joshua Schneider DDS,Mayotte,MSc,3.58,332,43,2,2020
A78495029,Johnny Chang,Saint Vincent and the Grenadines,MSc,3.35,317,44,3,2021
A48051793,Dana Rodriguez,Dominican Republic,BSc,3.3,317,2,0,2021
A65737455,Kevin Gray,Timor-Leste,MSc,2.98,316,1,0,2020
A78146906,Larry Espinoza,Georgia,BSc,2.99,313,19,1,2023
A77591848,Lori Velasquez,Djibouti,BSc,3.35,314,3,1,2022
A59791420,Jenna Love,Finland,MSc,3.39,324,5,1,2023
A68056228,Emma Holmes,Cocos (Keeling) Islands,BSc,3.49,307,4,2,2023
A88228556,Susan Thomas,Botswana,BSc,3.56,340,1,1,2023
A97913717,Catherine Flores,United States Minor Outlying Islands,BSc,3.25,319,7,1,2019
A78731512,Brian Martinez,Chile,BSc,3.46,310,7,2,2019
A83044951,Elizabeth Lopez,United States of America,PhD,3.64,325,4,4,2020
A46340241,Erica Smith MD,Greenland,BSc,3.49,298,16,1,2020
A60013109,Wendy Brown,Bolivia,PhD,3.37,335,23,1,2019
A49132270,John Waters,Myanmar,BSc,3.97,315,1,0,2020
A75071081,Kayla Bowers,Nigeria,BSc,4.0,340,8,1,2019
A45223595,Darin Banks,Gambia,MSc,2.87,332,13,0,2020
A69389240,Angela Mcdonald,Bhutan,MSc,3.11,324,3,0,2019
A70659249,Tyler Hanna,Djibouti,MSc,3.63,313,4,3,2019
A89887018,Warren Vasquez,Saint Kitts and Nevis,BSc,3.87,312,5,0,2022
A57793884,Amber Gonzalez,Bulgaria,PhD,3.85,322,19,0,2020
A10497467,Angela Watson,Eritrea,BSc,3.17,330,2,1,2023
A59882870,Susan Smith,Dominican Republic,BSc,3.59,325,11,1,2022
A47119487,Sara Michael,San Marino,MSc,2.87,311,1,2,2019
A75872126,Amy Huff,Nicaragua,MSc,3.22,309,3,2,2019
A79906426,Shawna Smith,Mauritania,BSc,3.32,326,8,1,2019
A80134727,Michael Young,Azerbaijan,BSc,3.85,314,2,0,2020
A49551405,Melinda Cherry,Vietnam,MSc,3.32,303,8,2,2021
A77628269,Ashley Hernandez,Guadeloupe,BSc,3.3,320,0,1,2022
A78313520,Rachel Montgomery,Cayman Islands,BSc,3.41,324,0,1,2022
A35830496,Samuel Richardson,United States Virgin Islands,BSc,3.57,306,3,0,2022
A54126639,Kevin Duncan,Tokelau,MSc,3.87,312,5,1,2021
A14235852,Ashley Rubio,Myanmar,BSc,3.28,331,13,2,2023
A54567063,Nicole Rogers,Indonesia,MSc,3.53,339,17,0,2019
A95138316,Sara Miller,Bouvet Island (Bouvetoya),BSc,3.44,319,39,2,2022
A69037068,Jennifer Jordan,Peru,BSc,3.97,334,4,4,2019
A93075547,Sierra Snyder,Botswana,MSc,3.76,340,55,1,2021
A16069489,Darren Hamilton,Hungary,BSc,3.47,308,3,1,2022
A61276372,Karen Horne,Tajikistan,PhD,3.69,317,0,0,2019
A21977451,Sarah Willis,United Kingdom,BSc,3.6,302,1,2,2019
A13772558,Alec Hunt,Malaysia,BSc,3.44,295,13,3,2022
A42697852,Samuel Krause,British Indian Ocean Territory (Chagos Archipelago),PhD,3.67,330,0,0,2023
A51553201,Tracey Love,Cape Verde,MSc,3.69,303,6,3,2019
A59733766,Kathy Gomez,Bangladesh,MSc,3.84,303,3,0,2023
A83862342,Christina Cortez,Tanzania,BSc,3.34,304,6,1,2019
A50769100,Robert Erickson,Andorra,BSc,3.57,340,4,1,2019
A29644112,Joe Morgan,Cayman Islands,BSc,3.09,340,2,0,2020
A14410902,Samuel Boyd,Afghanistan,BSc,3.77,321,5,4,2020
A58476047,Randy Morgan,Tanzania,BSc,3.72,324,6,1,2023
A66578790,Joseph Anderson,Switzerland,MSc,3.64,327,1,1,2023
A32381134,Tanya Rodriguez,British Virgin Islands,MSc,3.95,329,0,2,2019
A91691403,Angela Conway,Jordan,MSc,3.58,301,4,3,2021
A86770940,Anna Grant,Seychelles,BSc,3.48,326,5,0,2023
A76774963,Jill Perry,Wallis and Futuna,BSc,3.54,315,7,0,2020
A16426451,Gilbert Brown,Morocco,MSc,3.08,329,10,1,2023
A23627301,Teresa Riley,Guernsey,MSc,3.47,339,5,1,2020
A48382578,Mackenzie Hunt,Fiji,PhD,3.18,310,1,1,2021
A73244749,Phillip Peterson,Paraguay,BSc,3.36,328,5,2,2019
A27289085,Tanya Clayton,Algeria,MSc,2.94,314,32,0,2023
A80107423,Gary Price,Venezuela,BSc,3.56,326,9,0,2021
A61604784,Elaine Allen,Palestinian Territory,BSc,2.75,310,2,3,2019
A40531407,Eric Mitchell,Falkland Islands (Malvinas),PhD,3.46,309,1,3,2021
A87918635,Drew Rodriguez,San Marino,BSc,3.71,289,6,3,2021
A26446958,Stephanie Berry,Swaziland,MSc,3.36,315,5,1,2020
A24391947,Mr. Anthony Wood DDS,Switzerland,BSc,3.33,323,6,0,2022
A95744687,Mark Johnson,Guam,MSc,3.6,315,0,1,2023
A53750484,Chad Peck,Panama,MSc,3.55,335,3,3,2019
A21622913,Joseph Mitchell,Italy,MSc,3.57,330,11,2,2023
A85935646,Chelsea Dennis,Namibia,MSc,3.28,340,15,1,2021
A52276451,Jose Henry,Trinidad and Tobago,BSc,3.55,338,22,1,2019
A96798480,Leslie Smith DDS,Dominica,BSc,3.44,324,22,1,2020
A67388025,Teresa Wheeler,Cyprus,BSc,3.7,293,4,0,2019
A77694162,Brenda Franco,North Macedonia,BSc,3.95,309,5,3,2021
A96593924,Linda Moody,Sweden,BSc,3.29,332,55,0,2020
A65964989,Patricia Garner,Norway,BSc,3.99,336,13,0,2019
A39265098,Aaron Nelson,Wallis and Futuna,BSc,3.11,328,4,1,2021
A35534374,Michael Baker,Dominican Republic,BSc,3.4,314,6,2,2019
A24381026,Kristina Rogers,Burkina Faso,MSc,3.25,316,0,2,2022
A91044083,Charles Merritt,Ecuador,MSc,3.39,312,24,2,2023
A92605156,Joseph Hughes,Sri Lanka,MSc,3.53,312,5,0,2019
A48098452,Cynthia Hart,Niue,MSc,3.45,320,18,1,2020
A46568134,Shari Simmons,Saint Helena,BSc,2.98,340,43,1,2019
A55888022,Janice Burke,Aruba,BSc,3.19,334,28,1,2020
A62027642,Pamela Howard,Lithuania,MSc,3.47,310,21,1,2022
A94391918,Susan Bradford,Lebanon,PhD,3.69,311,31,0,2022
A41370420,Brandy Flores,South Georgia and the South Sandwich Islands,BSc,2.9,310,24,0,2020
A61636479,Charlotte Mitchell,Germany,MSc,3.7,308,0,1,2019
A53311017,Casey Farmer,Japan,BSc,3.19,295,9,0,2020
A35292170,Michael Romero,Benin,BSc,3.9,324,17,0,2023
A11190674,Mary Garza,Jersey,BSc,3.36,309,5,1,2023
A58574715,Steven Morgan,Barbados,BSc,3.97,307,2,1,2020
A71485837,Samantha Johnson,Timor-Leste,MSc,3.2,308,6,0,2022
A40303297,Maria Duncan,Iceland,PhD,3.79,327,13,2,2022
A39787155,Gregory Graves,Guernsey,BSc,3.27,339,13,0,2023
A42975383,Jennifer Lee,Switzerland,MSc,3.77,340,24,0,2023
A32687388,Richard Chang,Lebanon,BSc,4.0,310,6,1,2020
A47791057,Scott Williams,Djibouti,MSc,3.84,323,2,3,2022
A13386024,William Taylor,Antarctica (the territory South of 60 deg S),BSc,3.21,309,17,0,2019
A94670108,Jay Solomon,Lao People's Democratic Republic,BSc,3.77,326,4,2,2019
A91203497,Dr. Cynthia Figueroa,Bermuda,MSc,3.72,340,6,0,2022
A10886930,Melissa Schmidt,Aruba,PhD,3.28,330,14,0,2019
A10454933,Kristie Norton,Yemen,MSc,3.91,330,2,0,2023
A10826630,Heather Fischer,Sweden,BSc,3.59,305,22,0,2020
A61540646,Michelle White,Ethiopia,BSc,3.25,338,7,2,2022
A52774700,Dana Baldwin,Hong Kong,PhD,3.18,340,9,0,2023
A90650956,Rebecca Poole,French Southern Territories,MSc,3.8,301,40,0,2022
A40207484,Daniel Fischer,Japan,BSc,3.56,334,9,1,2022
A40749460,Michael Parsons,Antigua and Barbuda,MSc,3.56,308,5,2,2023
A64627012,Laura Rodriguez,Samoa,MSc,3.2,335,8,4,2023
A49271858,Darryl Weaver,Cocos (Keeling) Islands,BSc,3.47,323,0,0,2023
A95194032,Whitney Brown,Congo,MSc,3.7,302,12,1,2019
A23262584,Cathy Gaines,Bolivia,BSc,3.23,337,13,1,2019
A51679734,Lori Morales,Dominica,BSc,3.27,324,6,2,2020
A14924670,Glen Thomas,Belgium,MSc,3.11,308,0,3,2020
A98020137,Todd Gonzales,Lebanon,BSc,3.24,320,9,1,2022
A20042348,Robin Smith,Bahamas,MSc,3.08,311,1,1,2019
A68425547,Carolyn Snyder,Tajikistan,BSc,3.93,282,24,3,2022
A33324997,Jennifer Zimmerman,Afghanistan,MSc,3.25,295,13,1,2020
A27944090,Robert Collins,Cocos (Keeling) Islands,MSc,3.6,305,1,2,2023
A47480517,David Peters,Netherlands Antilles,MSc,3.66,325,8,2,2019
A68353371,Gregory Johnson,Micronesia,BSc,4.0,304,22,0,2023
A17784578,George Carroll,Oman,BSc,3.48,305,10,1,2021
A94037627,Steven Sanford,Tanzania,BSc,3.85,340,3,2,2020
A65333614,William Barnes,Tajikistan,MSc,4.0,319,3,1,2020
A82568818,Jonathan Pace,Venezuela,PhD,3.98,328,5,1,2021
A83503134,Jay Watson,Oman,BSc,3.68,306,9,2,2022
A74636472,Kimberly Nguyen,Canada,MSc,3.39,317,17,1,2021
A90738811,Mary Lewis,Saudi Arabia,BSc,3.21,340,16,1,2022
A80882495,Rita Hogan,Namibia,BSc,3.57,305,41,1,2023
A40332469,Stephanie Aguilar MD,El Salvador,MSc,3.52,288,2,2,2022
A17870106,James Tanner,Uzbekistan,BSc,3.15,294,1,2,2023
A58546856,Jason Mckinney,Mali,MSc,3.29,340,12,0,2021
A23043444,Leah Ortega,Egypt,MSc,3.62,321,1,1,2021
A31471279,Craig Rodgers,Ethiopia,BSc,2.96,340,4,0,2020
A66157909,Paul Shaw,Nigeria,MSc,3.16,314,15,0,2022
A23770413,Tina Silva,Namibia,MSc,3.52,309,10,2,2022
A17616426,Marissa Campbell,United Arab Emirates,MSc,3.56,340,0,2,2023
A80454370,Stacie Cabrera,Chile,BSc,3.27,313,1,1,2023
A94894955,Virginia Jenkins,Luxembourg,BSc,3.65,340,21,0,2019
A67073192,Brian Garza,Togo,MSc,4.0,313,21,1,2021
A81459324,George Chan,Solomon Islands,MSc,3.67,307,0,1,2019
A13469952,Patricia Roberts,Samoa,MSc,3.7,321,13,3,2022
A72709736,Luis Castillo,Bangladesh,MSc,3.32,332,1,1,2020
A56476123,Diane Richmond,Algeria,MSc,3.33,317,10,2,2023
A86218606,Justin Little,Yemen,BSc,3.32,318,20,2,2019
A31681509,James Howell,Equatorial Guinea,MSc,3.58,340,20,2,2022
A22505608,Mr. Shane Johnson,Tonga,MSc,3.66,318,9,1,2021
A98382585,Diana Davis,Guinea,BSc,3.83,340,2,0,2021
A46157374,Brandon Wallace,Anguilla,BSc,3.92,328,8,0,2019
A19049911,Heather Hart,Vietnam,BSc,3.32,323,6,0,2022
A36774620,Joshua Adams,India,BSc,3.34,311,5,0,2020
A11947068,David Lee,Tanzania,BSc,3.59,282,7,2,2021
A60097355,Gabrielle Patton,Tunisia,BSc,3.28,320,0,2,2019
A53109962,Jason Hebert,Portugal,MSc,3.66,321,0,0,2020
A50619550,Lori Rodriguez,Turkey,BSc,4.0,328,0,2,2021
A11413612,Michael Coleman,Singapore,MSc,3.01,321,5,3,2020
A78092811,Lisa Young,Turkey,BSc,3.79,288,0,0,2023
A11275309,Becky Young,Martinique,MSc,3.85,340,6,1,2023
A89048207,Alexander Smith,Saint Pierre and Miquelon,BSc,3.53,327,15,1,2021
A32315684,Heather Castro,Brunei Darussalam,BSc,3.4,316,2,2,2023
A71912025,Albert Pierce,Argentina,MSc,3.74,319,0,0,2022
A13296095,Nicholas Mccoy,Madagascar,BSc,3.85,310,58,0,2022
A56676009,Dawn Mitchell,Fiji,BSc,3.51,320,3,1,2022
A14673537,Heather Murphy,Bosnia and Herzegovina,MSc,3.32,336,15,1,2019
A43399236,Barbara Rangel,Armenia,BSc,3.63,327,24,0,2019
A90011972,Kathleen Pope,Namibia,BSc,3.26,326,6,1,2019
A42784166,Tiffany Martin,Bulgaria,MSc,3.55,320,1,1,2023
A16742904,Sean King,Korea,BSc,3.33,302,13,1,2023
A22244731,Andre Bautista,Montenegro,BSc,3.84,294,10,0,2019
A16241894,Matthew Reynolds,Turks and Caicos Islands,MSc,4.0,299,10,0,2021
A50617114,Brian Davis,Jamaica,BSc,3.86,310,9,0,2021
A54788788,Patrick Reid,Burkina Faso,BSc,3.68,340,19,2,2021
A58930707,Daniel Barnes,Serbia,BSc,3.38,310,6,2,2020
A38071899,Sabrina Smith,Gambia,MSc,3.5,316,4,1,2022
A76559834,Debra Bartlett,French Guiana,MSc,3.69,321,2,1,2023
A64045105,Tammy Nelson,Costa Rica,BSc,3.76,340,6,2,2023
A33695072,Collin Green,Guatemala,BSc,3.78,322,10,2,2019
A42052514,Derrick Murray,Sao Tome and Principe,MSc,3.54,332,2,0,2020
A44768991,Gary Smith,Sierra Leone,MSc,3.31,308,4,2,2021
A62770196,Judy Glover,Greece,BSc,3.28,323,1,0,2019
A17156070,Rebecca Gray,Seychelles,PhD,3.05,321,3,2,2021
A92218193,Deborah Clark,Iraq,MSc,3.9,337,19,1,2022
A90202690,Kimberly Edwards,Mayotte,MSc,4.0,297,13,4,2019
A35258326,Shane Hansen,Sri Lanka,BSc,3.6,316,3,0,2021
A24573162,Nicholas Cobb,New Caledonia,BSc,4.0,320,3,2,2021
A79784403,Henry Hunter,Equatorial Guinea,BSc,3.1,313,45,2,2021
A62072544,Lisa Hart,Aruba,BSc,3.71,331,14,2,2019
A89501462,Allison Clark,Taiwan,MSc,3.86,333,10,0,2022
A84956573,Kelsey Frazier MD,Cote d'Ivoire,MSc,2.91,320,6,2,2020
A71578201,Suzanne Quinn,French Polynesia,MSc,3.04,310,2,2,2019
A49054790,Michael Mcdaniel,Costa Rica,BSc,3.63,324,22,0,2020
A73347422,Douglas Robinson,Swaziland,MSc,3.46,326,4,0,2021
A50406034,Christina Thompson,Portugal,MSc,3.2,319,3,1,2019
A17795178,Robert Beard,Malaysia,BSc,3.39,330,23,2,2021
A61213355,Stacy Moore,Tunisia,BSc,3.6,322,13,1,2019
A68479307,Nancy Turner,Cook Islands,MSc,3.55,340,1,1,2021
A55267899,Jason Small,Bahrain,MSc,3.46,325,13,3,2021
A96770719,Rhonda Cowan,Chad,BSc,3.81,333,13,0,2023
A46675919,Victoria Dean,Bangladesh,MSc,3.48,321,0,2,2021
A50311371,Brandon Cook,Tokelau,MSc,3.16,314,21,1,2020
A17609853,Cynthia Fuentes,Netherlands,MSc,3.53,340,11,3,2020
A12860029,Wendy Olsen,Italy,BSc,3.87,335,5,2,2020
A18591556,William Watson,Tajikistan,BSc,3.78,316,0,3,2021
A90292908,Jordan Williams,Samoa,BSc,3.8,309,5,0,2019
A32122620,Laura Simmons,Thailand,BSc,3.51,316,44,1,2019
A66360592,Madison Davis,Montserrat,BSc,3.58,288,6,2,2020
A90481411,James Burke,Samoa,MSc,3.45,318,13,1,2019
A76061048,Megan Schroeder,Georgia,BSc,3.92,314,2,2,2023
A51389298,John Baker,Gibraltar,BSc,3.0,315,16,1,2023
A65589482,Kendra Williams,China,BSc,3.74,318,5,0,2021
A65656494,Michelle Griffin,Mali,MSc,3.39,299,2,0,2019
A14376927,Joseph Green,Sri Lanka,MSc,3.29,327,1,0,2022
A96052187,Christopher Wilson,South Georgia and the South Sandwich Islands,MSc,3.6,322,6,0,2021
A22747075,Leah Smith,Jordan,BSc,2.85,322,5,2,2020
A66219036,Steven Zamora,Burundi,MSc,3.88,313,5,1,2020
A23650715,Annette Swanson,Tonga,MSc,3.84,320,24,0,2023
A90806810,Catherine Johnson,Philippines,BSc,3.44,340,53,3,2021
A14869780,Ashley Gibbs,Egypt,MSc,3.57,320,23,0,2022
A55922911,Karl Lopez,Martinique,BSc,3.21,339,0,1,2022
A55990551,Elizabeth Wiggins,Iceland,MSc,3.34,335,21,0,2021
A28398203,Phillip Case,Cocos (Keeling) Islands,BSc,3.18,308,3,0,2022
A39205614,Crystal Brown,Central African Republic,BSc,3.57,300,4,1,2020
A40012283,Micheal Cole,Australia,BSc,2.88,318,1,1,2021
A24359758,Amy Freeman,Brunei Darussalam,BSc,3.18,304,4,0,2020
A70729849,Justin Friedman,Fiji,MSc,3.38,324,12,0,2019
A35168815,Terri Wilson,American Samoa,BSc,3.65,312,9,0,2022
A22022948,Shannon Moore,Mauritius,PhD,3.44,323,23,0,2023
A30540191,Charles Bailey,Japan,BSc,3.97,321,32,3,2023
A68821048,Peter Jackson,Isle of Man,PhD,3.2,304,5,1,2023
A48004658,Abigail Johnston,Kazakhstan,BSc,3.65,306,2,1,2021
A29823376,Jason Torres,Oman,BSc,3.7,332,12,0,2019
A85108976,Matthew Gibson,Belgium,BSc,3.24,321,5,1,2020
A86271814,Susan Holland,Anguilla,BSc,3.46,326,0,0,2020
A37654451,Richard Ford,France,PhD,3.67,317,1,1,2020
A96757389,Allison Arnold,Kyrgyz Republic,MSc,3.49,322,17,1,2020
A40115633,Karen Henry,Angola,PhD,3.39,315,33,4,2023
A67431463,Tanya Villa,Lithuania,BSc,3.13,303,12,1,2020
A38943946,Emily Morris,India,BSc,3.87,325,5,0,2022
A78577077,Brent Riley,Liberia,MSc,3.32,309,4,2,2021
A54533547,Tony Mcgee,Iceland,MSc,3.83,313,2,2,2022
A18154341,Matthew Gill,Saint Pierre and Miquelon,MSc,3.89,303,0,1,2020
A85650211,Erica Moore,Poland,MSc,3.54,311,3,1,2023
A92823899,Stacey Miller,Zimbabwe,BSc,3.36,308,1,1,2022
A30917357,Brent Sharp,Martinique,MSc,3.18,319,4,1,2021
A14294689,David Smith,South Georgia and the South Sandwich Islands,BSc,3.6,340,25,1,2023
A27758526,Douglas Carter,Mozambique,MSc,3.36,313,29,1,2021
A64594720,Nicole Mitchell,Brazil,BSc,3.28,337,36,3,2019
A24246736,Jordan Mclean,Israel,BSc,3.43,294,3,2,2023
A60045343,Ethan Harris,Mongolia,PhD,3.59,318,7,1,2022
A93758511,Christopher Turner,Jamaica,PhD,3.54,332,17,1,2022
A74469635,Tara Barrett,Gabon,BSc,3.85,316,5,4,2020
A76619038,Luke Andrews,Finland,BSc,3.4,336,0,1,2020
A21772685,Victor Coffey,Iceland,MSc,3.98,315,5,1,2020
A18886299,Kelly Rodriguez,New Zealand,MSc,3.59,340,2,0,2019
A67636727,Linda Farley,Nepal,MSc,3.47,340,2,3,2019
A74267845,Vicki Maldonado,Madagascar,BSc,3.78,319,8,1,2019
A28990004,Matthew Sullivan,Bahrain,MSc,3.19,317,2,0,2023
A65967071,Mike Howell,Nauru,BSc,3.73,302,21,1,2022
A25890619,Mary Peterson,Greece,BSc,3.7,340,15,3,2022
A78939099,Gary Smith,Equatorial Guinea,PhD,3.33,322,27,0,2023
A16107325,Brian Herrera,Liechtenstein,PhD,3.8,311,10,1,2019
A98983562,Terrance Sanders,Saint Martin,BSc,3.38,333,24,0,2022
A83194450,Jennifer Washington,Philippines,BSc,3.66,326,2,1,2021
A87992073,Luis Carter,Puerto Rico,PhD,3.59,340,12,0,2020
A84439093,Ronald Reyes,Hungary,MSc,3.69,291,23,1,2022
A33057256,Tina Smith,Andorra,BSc,3.51,331,3,0,2021
A54262220,Gabriel Norman,Cayman Islands,BSc,3.32,325,4,1,2023
A77422148,Amanda Farmer,Uzbekistan,BSc,3.15,325,5,5,2020
A77719693,Michael Watson,Panama,BSc,3.67,304,11,1,2020
A92509449,Michael Howell,Afghanistan,BSc,2.88,325,8,0,2021
A46278066,Leslie Cannon,Lao People's Democratic Republic,MSc,3.34,327,1,1,2019
A29898067,Elizabeth Rodriguez,Greenland,BSc,2.99,312,9,2,2021
A80303639,Stacy Smith,Zimbabwe,BSc,2.88,320,16,0,2019
A82960975,Beth Lopez,Cote d'Ivoire,BSc,2.88,315,30,0,2019
A96197303,Joel Ferguson,Niue,MSc,3.99,325,7,0,2021
A33058824,Lacey Bruce,Saint Helena,MSc,3.51,327,11,0,2022
A59796904,Elizabeth Jordan,North Macedonia,BSc,2.7,310,0,0,2023
A16191015,Wanda Romero,United States Virgin Islands,MSc,3.35,329,2,2,2020
A53188350,April Parker,Grenada,BSc,3.2,322,0,0,2023
A69276875,Raymond Martinez,Gabon,BSc,3.48,311,22,0,2022
A72360343,Joshua Moran,Guinea-Bissau,BSc,3.34,318,7,2,2022
A34830257,Gary Mullins,France,BSc,3.3,315,5,0,2023
A24451337,Philip Larsen,Ecuador,MSc,3.98,332,4,1,2020
A71623412,Shannon Phillips,Western Sahara,BSc,3.99,318,3,1,2023
A16021993,Justin Welch,Greece,MSc,3.49,309,29,2,2019
A69567300,Tom Steele,Vietnam,BSc,3.78,313,9,1,2022
A10595959,Kathleen Lopez DVM,Vietnam,MSc,3.91,295,0,3,2023
A35974603,Donna Arnold,Mayotte,MSc,3.94,326,6,4,2023
A52767372,Megan Freeman,Azerbaijan,BSc,3.2,310,28,2,2022
A98227346,Emily Walker,Costa Rica,MSc,3.67,309,7,0,2023
A55823531,Amber Wilkins,Lebanon,MSc,3.37,321,4,1,2021
A40563345,Jacqueline Johnson,Nepal,MSc,3.41,314,17,1,2022
A20865604,Mary Parker,Mongolia,PhD,3.89,316,25,0,2021
A80938780,John Stevens,Samoa,BSc,3.76,321,5,1,2020
A48797886,Nicole Cole,Antarctica (the territory South of 60 deg S),PhD,3.55,326,5,1,2021
A56184975,Perry Hammond,Guinea,BSc,3.87,304,17,1,2019
A88576452,Collin Estrada II,British Virgin Islands,BSc,3.69,332,0,1,2020
A96965481,Tony Macias,Cape Verde,BSc,3.91,333,45,2,2023
A12025849,Michelle Williams,Jamaica,PhD,3.44,323,35,0,2019
A37067441,Joann Graves,Netherlands,MSc,3.84,308,6,1,2021
A64734773,Julie Rodriguez,New Caledonia,BSc,3.25,331,0,0,2020
A29152278,Kaitlyn Willis,Guinea,MSc,3.12,318,5,1,2020
A69297589,Chad White,El Salvador,MSc,3.79,323,1,2,2020
A99846363,William Liu,Panama,MSc,3.28,340,8,0,2023
A21493497,Robin Stone,Grenada,MSc,3.82,339,0,2,2019
A94507484,Charles Hull,Spain,BSc,3.77,320,15,3,2019
A67425637,Kelsey Joyce,Singapore,PhD,2.79,312,40,1,2023
A64666620,Amy Holt,Denmark,MSc,3.48,336,0,1,2019
A75747362,Samuel Johnson,Nigeria,PhD,3.43,324,21,1,2019
A48593686,Alexander Kelly,Dominican Republic,MSc,3.5,327,4,2,2020
A91830135,Scott Lozano,Bosnia and Herzegovina,BSc,3.41,316,4,2,2020
A70266071,Jason Mathis,Isle of Man,BSc,3.35,305,33,2,2019
A17181003,Dwayne Scott,El Salvador,MSc,4.0,314,49,0,2020
A15676662,Carol Medina,Slovakia (Slovak Republic),BSc,3.58,312,3,0,2019
A89501651,Laura Suarez,Aruba,PhD,3.36,325,7,1,2022
A24862192,Sandra Snyder,Spain,BSc,3.45,334,9,1,2021
A30495030,Sharon Cantrell,United Arab Emirates,MSc,3.83,296,31,2,2023
A88182512,Tina Lang,Bahrain,BSc,3.57,303,3,0,2019
A57902545,Michael Moreno,Gambia,MSc,3.53,310,1,0,2022
A36233484,Eric Calhoun,Bahrain,MSc,3.65,277,3,1,2021
A56578589,Derek Rodriguez,Palau,PhD,3.45,326,10,1,2021
A46619233,Erika Preston,Afghanistan,MSc,3.51,328,0,0,2022
A38735697,Julia Brown,Egypt,BSc,4.0,312,15,1,2023
A92697777,David Rosario,United States of America,PhD,4.0,340,6,0,2023
A17920669,Scott Sharp,Nigeria,MSc,4.0,319,3,2,2020
A51803410,Ann Stevenson,Mayotte,MSc,3.89,310,2,1,2019
A90147043,Stephen Thompson,Hong Kong,BSc,3.93,314,7,2,2023
A51048227,Melissa Lane,Wallis and Futuna,BSc,3.32,330,3,1,2020
A31187012,Susan Novak,Philippines,MSc,2.7,328,40,2,2020
A78068073,Jasmine Berry,Tuvalu,BSc,3.82,322,10,1,2021
A61858941,Kimberly Munoz,United States Virgin Islands,BSc,3.47,306,6,1,2023
A60170907,Matthew Johnson,Turkey,BSc,3.27,301,27,2,2022
A98827911,Kimberly Fisher,Tunisia,BSc,4.0,324,3,1,2022
A89234864,Samantha Moore,Switzerland,PhD,3.46,312,5,1,2019
A63212226,Scott Baker,Comoros,BSc,3.2,311,4,2,2023
A12348023,Luis Petty,Cote d'Ivoire,MSc,3.59,320,3,2,2022
A79929686,Derek Walker,Tajikistan,PhD,3.58,310,0,2,2022
A44843382,Jessica Moore,Syrian Arab Republic,MSc,3.46,338,2,0,2020
A84919473,Joseph Smith,Brazil,MSc,3.33,303,11,1,2023
A70571873,Tina Harris,Greece,BSc,3.2,308,2,1,2019
A40012427,Jeremy Benson,Bermuda,BSc,3.32,301,5,3,2023
A40497869,Matthew Martinez,Romania,PhD,3.44,313,3,3,2020
A43213045,Sandra Edwards,Austria,MSc,3.92,304,4,0,2021
A57442190,Keith Moore,Portugal,PhD,2.98,306,14,1,2021
A85285184,Jeffrey Wilson,Finland,BSc,3.32,333,7,3,2019
A63426442,Cathy Freeman,Mongolia,MSc,3.83,340,29,0,2022
A79744848,David Mosley,Ukraine,MSc,3.63,340,3,1,2021
A60838145,Robert White,Australia,BSc,3.78,322,10,2,2022
A47499605,Jasmine Torres,Palau,BSc,3.49,296,4,0,2021
A18644621,Katelyn Parker,Ethiopia,BSc,2.89,320,3,1,2020
A10877070,Philip Estrada,Gambia,MSc,3.32,324,17,2,2021
A62402827,Taylor Spence,Cape Verde,BSc,3.81,326,10,1,2021
A14775880,Jasmine Woods,Kazakhstan,MSc,3.34,320,12,0,2022
A89589562,Marilyn Hernandez,Albania,BSc,2.98,311,9,0,2023
A65044496,Ethan Kelly,Poland,BSc,3.8,329,2,0,2019
A99662941,Pamela Carson,Turks and Caicos Islands,BSc,2.79,340,1,3,2022
A99869748,Jennifer Savage,Mauritius,BSc,3.38,310,5,4,2020
A70780134,Kaitlyn Brown,Albania,BSc,3.23,334,12,2,2023
A21508815,Miss Danielle Hansen,Guinea,MSc,3.6,317,0,5,2023
A84896365,Jerry Palmer,Antigua and Barbuda,MSc,3.65,336,12,0,2023
A52684945,Amy Sanders,American Samoa,BSc,3.46,332,0,1,2021
A14671917,Vanessa Hernandez,Madagascar,BSc,3.39,340,0,1,2021
A18048777,Evan Nelson,Senegal,MSc,3.56,329,4,1,2019
A20292797,Katie Chavez,Swaziland,BSc,3.48,323,7,1,2022
A12557946,John Krueger,Somalia,MSc,3.88,334,3,1,2019
A90280936,Jessica Garcia,Svalbard & Jan Mayen Islands,BSc,3.4,321,10,3,2022
A34800591,Zachary Arnold,Andorra,BSc,3.57,311,20,0,2021
A36291908,Mrs. Linda Poole,Israel,MSc,3.85,315,25,0,2023
A49726145,Matthew Vazquez,Saint Helena,BSc,3.09,323,1,3,2022
A28012630,Luis Richardson,Niger,BSc,3.44,337,5,1,2021
A12995413,Angela Cooper,Ecuador,MSc,3.64,340,2,0,2023
A59043363,Joyce Dunn,Cyprus,MSc,3.84,324,0,0,2020
A91753878,Andrew Ferguson,Mozambique,BSc,3.88,324,4,1,2019
A64901290,Tina Hunter,North Macedonia,MSc,3.72,340,10,2,2020
A12280762,Dan Turner,Mozambique,MSc,3.24,314,1,4,2020
A71383431,Tiffany Perry,Suriname,MSc,4.0,338,18,2,2020
A45197638,Cody Poole,Djibouti,MSc,3.69,326,4,1,2023
A95798645,Christina Sweeney,Jersey,BSc,3.14,324,14,0,2019
A70168283,Sydney Holloway,Portugal,BSc,3.49,296,29,0,2019
A45063255,Joshua Krueger,Wallis and Futuna,BSc,3.63,311,8,1,2019
A84728275,Julia Kelly,Congo,MSc,3.13,330,2,3,2022
A92846627,Philip Barr,Norfolk Island,MSc,2.85,302,49,0,2020
A78563432,Elizabeth Williams,Sierra Leone,BSc,3.21,299,9,0,2021
A81086428,Rebecca Waters,Korea,MSc,3.44,325,27,0,2019
A55821164,Jordan Cross,Switzerland,MSc,3.71,323,2,3,2021
A81104692,Brandon Hudson,San Marino,BSc,3.22,311,4,0,2021
A98118223,Barbara Howe,Nigeria,BSc,3.91,314,1,0,2021
A46072851,Jennifer Williams,Mauritius,PhD,3.16,328,1,0,2022
A88809315,Kevin Wilson,Angola,MSc,3.9,301,9,2,2020
A69426549,Joseph Thomas,Micronesia,MSc,3.79,318,10,2,2021
A50344658,Lauren Stevens,Guatemala,MSc,3.83,337,46,2,2019
A65606884,Joseph Durham,Paraguay,MSc,3.45,322,18,2,2019
A35236852,Tyler Davis,Lebanon,BSc,2.98,291,4,3,2020
A26861768,Jeffrey Krueger,Tuvalu,BSc,3.61,328,3,0,2023
A34170179,Gary Dougherty,Barbados,PhD,3.62,316,12,1,2020
A70571957,Ray Robertson,American Samoa,BSc,3.93,298,1,1,2021
A57634740,Christopher Wong,Afghanistan,MSc,3.18,340,10,0,2020
A89984010,Matthew Larson,Saint Helena,MSc,3.74,311,88,0,2019
A86696986,Teresa Jackson MD,Lithuania,MSc,3.76,301,40,3,2020
A28572532,Kelly English,United Kingdom,PhD,3.35,307,1,0,2022
A94319822,Derek Washington,Gibraltar,MSc,3.37,337,1,2,2022
A32610347,Stephanie Martinez DDS,Brazil,BSc,3.14,315,51,1,2023
A97136374,Jason Davis,Congo,BSc,3.56,305,31,2,2023
A64576751,James Davis,Burundi,BSc,3.81,333,2,1,2022
A57688874,Kaylee Todd,Palestinian Territory,BSc,3.44,310,9,3,2019
A43490787,Cynthia Dawson,Niue,MSc,3.63,339,26,1,2019
A93414798,Jake Mendez,Mauritius,BSc,3.15,340,1,0,2019
A69925086,Denise Jones,Tanzania,PhD,3.28,309,15,1,2020
A53371437,David Ferguson,Thailand,MSc,3.93,312,1,0,2021
A23165462,Lauren Moody,British Indian Ocean Territory (Chagos Archipelago),BSc,3.52,315,7,1,2023
A99704633,Nichole Moore,Trinidad and Tobago,PhD,4.0,311,7,1,2022
A25194638,Kayla Meyer,Cocos (Keeling) Islands,PhD,3.61,338,2,0,2023
A22706279,Kimberly Romero,Guernsey,BSc,3.83,326,6,0,2021
A37424946,Kendra Wilson,Saudi Arabia,BSc,3.62,332,7,1,2022
A94453057,Isabella Gibbs,Marshall Islands,BSc,3.06,339,65,1,2021
A65728603,Katherine Hill,New Zealand,MSc,3.74,321,19,2,2022
A15293275,Karen Mcgrath MD,Iran,MSc,3.08,319,7,0,2019
A30255525,Heather Mitchell,Seychelles,BSc,3.43,329,36,2,2022
A65896785,Robert Garcia,Vanuatu,BSc,3.41,305,1,1,2022
A56029900,John West,Tanzania,MSc,3.29,330,2,2,2023
A49532345,Melissa Jones,Saint Vincent and the Grenadines,PhD,3.67,280,1,2,2020
A33612390,Adam Schultz,Tajikistan,MSc,3.22,323,40,0,2021
A64329272,Rebecca Johnson,Saudi Arabia,BSc,3.12,330,15,3,2020
A50031920,Warren Wright,United States of America,BSc,3.43,311,3,2,2023
A53857539,Jeffrey Harvey,Korea,MSc,3.19,329,3,0,2023
A68347728,Kristi Lowe,Costa Rica,MSc,3.07,312,0,2,2022
A13312346,Lisa Schmidt,Northern Mariana Islands,BSc,3.79,327,1,0,2019
A17980567,Ivan White DDS,Iraq,MSc,3.65,339,0,1,2019
A12976611,Elizabeth Anderson,Kiribati,MSc,3.89,310,19,2,2021
A90458594,Gail Le,Zimbabwe,MSc,3.47,340,27,1,2022
A88715199,Deanna Tate,Slovakia (Slovak Republic),BSc,3.32,328,19,1,2019
A35878354,Matthew Powers,Togo,BSc,3.54,302,10,1,2023
A34828715,Angela Erickson,Yemen,BSc,3.72,321,13,1,2021
A98701417,Kimberly Wells,Kuwait,BSc,2.89,340,8,0,2022
A75572570,Kimberly Martinez,Kazakhstan,BSc,3.51,340,17,1,2023
A62462347,Paula Luna,Norway,BSc,3.19,327,24,1,2023
A74443653,Jordan Anderson,Sweden,MSc,3.51,328,0,1,2021
A32921750,Lawrence Gonzalez,Mayotte,BSc,3.66,327,46,1,2023
A15262502,Jared Pena,Belgium,PhD,3.33,325,9,1,2022
A92779886,Connie Barrett,Uruguay,BSc,3.83,316,23,0,2021
A23145314,Michael Kennedy,Peru,BSc,3.43,313,24,0,2020
A48869302,Jeff Collins,Turkey,BSc,3.34,324,11,1,2020
A38153448,Martin Lawrence,Heard Island and McDonald Islands,BSc,3.7,301,3,2,2023
A93904191,Tabitha Yang,Togo,MSc,3.58,335,1,1,2021
A37512169,Craig Hill,Heard Island and McDonald Islands,BSc,3.81,331,1,3,2019
A30228364,Tiffany Murphy,Dominican Republic,BSc,3.52,329,6,2,2019
A32896467,Debra Ortiz,Haiti,MSc,3.86,319,21,1,2022
A32496755,Deborah Delacruz,Ireland,BSc,4.0,315,3,2,2022
A85741313,Jennifer Morales,Sri Lanka,PhD,3.42,314,35,1,2019
A76840974,Kristopher Harris,Mexico,BSc,2.93,314,0,1,2021
A45087295,Justin Park,Finland,BSc,2.88,331,7,2,2019
A52007185,Cynthia Castro,Micronesia,MSc,3.42,296,17,0,2023
A14763444,Shane Bennett,United States of America,MSc,3.93,313,4,1,2021
A83764452,Amanda Zimmerman,Finland,MSc,3.39,326,24,1,2021
A35842911,Roy Rose,Guatemala,MSc,3.69,315,1,0,2023
A95627459,Kelly Rios,Moldova,BSc,3.25,319,2,4,2023
A77399651,Kathleen Ramirez,Mexico,BSc,3.78,304,12,1,2021
A22032823,Angela Christian,Tuvalu,MSc,3.39,322,1,0,2020
A68884771,Tim Schroeder DVM,Sudan,PhD,3.52,340,4,0,2022
A69318652,Dr. David Holder Jr.,Niger,BSc,3.25,298,16,1,2020
A60167805,Lisa Branch,Mongolia,BSc,3.71,317,12,2,2019
A41407651,Lori Green,Nauru,BSc,3.33,327,8,2,2020
A94556997,Kimberly Michael,Mozambique,MSc,3.85,340,0,0,2019
A74875681,Joshua Evans,Bosnia and Herzegovina,PhD,3.76,334,1,1,2020
A47449423,William Ramsey,Cuba,MSc,3.19,307,5,0,2021
A39689604,Jill Randolph,Montenegro,BSc,2.73,315,51,0,2021
A91571564,Charles Johns,Mozambique,MSc,3.34,322,21,1,2019
A35216390,April Stevens,Taiwan,MSc,3.13,323,2,1,2023
A99177617,Michelle Mcdonald,Fiji,MSc,3.41,316,42,0,2020
A42106547,Lisa Brown,Mayotte,MSc,3.68,329,4,0,2019
A84580039,Donald Chavez,Slovakia (Slovak Republic),MSc,3.63,308,12,3,2020
A60253589,Tammy Berry,South Africa,MSc,3.69,312,2,0,2021
A43419993,Isaac Nelson,Russian Federation,BSc,3.27,340,30,1,2020
A35427073,Edgar Buckley,New Caledonia,MSc,3.2,294,0,1,2021
A64163339,Walter Wilson,Uruguay,PhD,2.99,303,17,1,2023
A10646526,Gregory Singleton,United States of America,MSc,3.09,298,1,2,2021
A61588000,Brandi Davis,Lao People's Democratic Republic,MSc,3.26,315,11,0,2021
A24001173,Tara Wilson,Taiwan,MSc,3.9,292,29,1,2019
A70598107,Alexis Robles,Niue,BSc,3.82,314,12,4,2023
A60532305,Jamie Walker,Armenia,BSc,4.0,324,16,1,2022
A99730112,Elizabeth Reyes,New Zealand,BSc,3.7,333,1,1,2022
A73796747,Veronica Thomas,Jersey,PhD,3.83,287,11,2,2023
A95698077,Carlos Campbell,Cuba,MSc,3.5,338,47,0,2023
A47081178,Cheyenne Patel,Malawi,MSc,3.79,298,5,1,2019
A74530264,Judy Tucker,Philippines,PhD,4.0,337,12,0,2019
A19987628,Angelica Thomas,Bhutan,MSc,3.81,313,2,3,2023
A10905622,Jennifer Guzman,Dominica,BSc,3.6,299,24,2,2020
A73753654,Benjamin Miller,Reunion,MSc,3.4,304,36,1,2019
A61537413,Dominic Hobbs,Russian Federation,BSc,3.4,332,1,1,2022
A36916069,David Richardson,Fiji,BSc,3.41,340,7,1,2022
A97918804,Andrew Heath,Belgium,MSc,2.88,305,5,2,2019
A57333188,Ian Bullock,Luxembourg,MSc,4.0,324,3,0,2020
A10527173,Timothy Jackson,Belgium,BSc,3.54,324,10,1,2022
A28475022,Shelley Bonilla,Kuwait,BSc,3.56,340,9,1,2019
A30210903,Kathleen Conley,Argentina,PhD,3.24,283,0,0,2022
A82378693,Amanda Miles,Turkmenistan,PhD,3.59,340,8,0,2021
A58973791,Mr. Jason Maldonado Jr.,Mali,MSc,3.29,327,2,1,2023
A78931781,Anthony Harris,Bangladesh,BSc,3.72,300,12,2,2021
A83447643,Steven Brown,Cuba,MSc,3.98,331,0,1,2019
A24088655,Elizabeth Barnett,Central African Republic,BSc,3.74,321,41,1,2019
A56287765,Paul Cox,Kuwait,BSc,3.55,325,0,1,2023
A70750512,Michael Torres,Martinique,BSc,2.76,294,10,1,2020
A42804826,Yvette Bowers,Slovenia,MSc,3.89,320,13,2,2022
A64105915,Kenneth Shelton,Ecuador,PhD,3.72,328,41,2,2022
A38283291,Donald Holloway,French Guiana,PhD,4.0,309,9,1,2023
A81290738,Jason Duffy,Denmark,BSc,3.25,321,6,3,2021
A91235102,Amanda Brown,Papua New Guinea,BSc,2.88,319,6,3,2021
A52333074,Ryan Thomas,Guam,MSc,3.4,331,4,2,2019
A64545599,Lisa Perry,Nepal,BSc,3.78,314,6,0,2021
A88376152,Keith Cook,Romania,MSc,2.93,301,29,3,2023
A87805746,Vicki Wilkerson,Lithuania,MSc,3.15,316,35,1,2022
A83701781,Ana Wood,Ecuador,MSc,3.98,329,34,3,2023
A63119819,David Smith,Kenya,MSc,3.2,322,1,1,2019
A23439949,James Rosario,Lesotho,MSc,3.53,313,9,2,2023
A30526166,Jeffrey Brown,Denmark,MSc,3.86,322,69,1,2023
A90650322,Deborah Ferguson,Ireland,BSc,3.08,340,0,1,2023
A87929700,Justin Green,Afghanistan,PhD,3.59,321,3,1,2023
A25357365,Blake Willis,Gabon,PhD,3.27,321,32,3,2023
A61838851,William Gilbert,Zambia,MSc,3.51,332,1,1,2019
A81387528,Samuel Manning,Argentina,BSc,3.36,340,11,0,2019
A18852440,Jennifer Solis,Seychelles,MSc,3.49,298,36,1,2020
A82546718,George Howell,Reunion,BSc,3.72,340,4,1,2023
A19356557,Steven Baldwin,Lesotho,BSc,3.42,318,3,1,2020
A55405767,Michael Goodman,Colombia,MSc,3.48,307,0,0,2022
A43309885,Christina King,Heard Island and McDonald Islands,BSc,3.68,330,29,2,2020
A40494429,Kathryn Ford,Cuba,MSc,3.66,326,19,1,2021
A71752143,Renee Carroll,Mozambique,MSc,3.64,330,47,0,2023
A13399662,Travis Page,Austria,MSc,3.29,310,18,0,2023
A70843287,William Carey,Guam,MSc,3.81,313,9,2,2021
A33918633,Robert Munoz,Belgium,MSc,3.46,316,13,2,2022
A55443463,Michael Ruiz,Slovakia (Slovak Republic),BSc,3.66,312,41,0,2022
A78106130,Deborah Lee,Northern Mariana Islands,BSc,3.24,319,9,1,2021
A27523865,Heidi Davis,Pakistan,PhD,2.92,309,8,1,2022
A44208181,Nicole Snyder,Chad,MSc,3.74,334,5,0,2022
A37028887,Kristen Hill,Nauru,PhD,3.27,303,2,1,2021
A13819874,Jaclyn Allen,Central African Republic,BSc,3.91,305,9,1,2021
A91910129,Lori Fritz,Bahrain,MSc,3.46,320,0,1,2023
A30089748,Barbara Smith,United States of America,MSc,3.64,323,3,1,2021
A98288727,Charles Douglas,Svalbard & Jan Mayen Islands,BSc,3.39,323,13,1,2020
A12808286,Norman Lee,United Arab Emirates,PhD,3.43,340,4,2,2022
A22161506,Eric May,Heard Island and McDonald Islands,PhD,3.32,314,3,2,2020
A46243988,Jason Olson,Kenya,BSc,2.99,338,19,1,2019
A71471467,Nicholas Rodriguez,Jamaica,BSc,3.53,303,33,1,2023
A67763789,Angela Baker,Haiti,BSc,3.27,332,0,0,2020
A57534176,Victoria Bautista,Svalbard & Jan Mayen Islands,BSc,3.25,329,5,2,2023
A98118246,Michael Gilbert,Ireland,MSc,3.38,281,9,1,2022
A11437684,Angela Lozano,Reunion,BSc,3.68,334,9,1,2021
A38893047,Patricia Esparza,Nepal,MSc,3.62,306,8,1,2020
A62787195,Jeremy Santiago,Croatia,PhD,3.55,332,1,2,2020
A20119232,Brent Lang,Anguilla,PhD,3.79,319,3,3,2021
A55614334,Deborah Compton,Grenada,BSc,3.38,332,2,0,2019
A97458466,Amber Williamson,Israel,MSc,3.04,312,4,0,2021
A42175493,Molly Moore,Kuwait,MSc,3.68,294,6,1,2020
A97460195,Ryan Williams,Solomon Islands,BSc,3.58,326,4,1,2019
A55156031,Yolanda Perkins,Svalbard & Jan Mayen Islands,BSc,3.39,306,19,0,2022
A37041577,James Murray DDS,Angola,MSc,3.61,334,3,1,2021
A14153479,Joseph Smith,Azerbaijan,MSc,3.14,330,23,1,2019
A15722405,Darrell Forbes,United States Virgin Islands,BSc,3.68,288,0,1,2023
A19399251,Jennifer Avila,Sao Tome and Principe,BSc,3.81,328,9,2,2020
A63277901,Eddie Contreras,Iraq,MSc,3.32,333,10,1,2023
A86951592,John Fritz,Barbados,BSc,3.38,291,20,4,2021
A20745139,Jay Fuentes,Micronesia,PhD,3.73,305,20,2,2019
A57866947,Robert Stevenson,Madagascar,PhD,3.05,314,4,1,2019
A59464170,Erin Carter,Cambodia,MSc,3.42,338,10,0,2023
A14780145,Amy Adams,Pitcairn Islands,BSc,3.3,316,39,2,2019
A81699046,Brandon Olson,Slovakia (Slovak Republic),MSc,3.44,328,2,2,2020
A34766915,Nicole Flores,Uruguay,BSc,3.83,323,7,2,2019
A26408939,Andrew Blake,Czech Republic,BSc,3.64,293,4,0,2019
A31808957,Brandon Salazar,Svalbard & Jan Mayen Islands,MSc,3.58,337,85,0,2019
A80331892,Lisa Caldwell,Slovenia,BSc,3.27,312,2,0,2022
A59921867,Trevor Brown,Norfolk Island,MSc,3.4,331,1,2,2019
A90202386,Brian Williams,Grenada,BSc,2.99,311,16,2,2022
A35810490,Anthony Brown,Korea,MSc,3.42,286,8,1,2020
A96941389,Joshua Park,Lebanon,BSc,3.62,325,9,1,2019
A79326192,Becky Gordon,Montserrat,BSc,3.01,306,7,0,2021
A67936129,Steven Simon,Haiti,MSc,3.49,321,1,1,2019
A43272821,Erika Holmes,Bulgaria,BSc,3.43,315,7,2,2023
A12749106,Joe Chan,Rwanda,BSc,2.95,307,4,1,2020
A65561521,Brian Mckinney,Saint Barthelemy,BSc,3.17,318,3,3,2021
A42614010,Brian Miller,Malawi,BSc,3.63,320,40,0,2022
A64934623,Tracey Olson,Slovakia (Slovak Republic),MSc,3.34,328,2,1,2020
A86606788,Scott Schwartz,Uzbekistan,BSc,3.75,320,28,0,2019
A49211718,David Bennett,Antigua and Barbuda,MSc,3.91,297,2,2,2023
A59634896,Brittany Fuller,Cuba,MSc,3.1,287,10,0,2020
A46135688,Danielle Patton,Burkina Faso,BSc,3.53,322,0,1,2021
A20106802,Marvin Edwards,New Zealand,BSc,3.64,316,12,0,2019
A11376259,Colleen Weber,Poland,BSc,3.52,307,4,1,2023
A35137691,Eric Kennedy,Spain,PhD,3.66,321,8,0,2022
A86006547,Alexis French,Holy See (Vatican City State),BSc,3.04,337,23,1,2023
A71151875,Joseph Hall,New Caledonia,MSc,3.68,309,3,1,2021
A89420555,Jason Bailey,Comoros,PhD,3.39,290,34,1,2019
A26028656,Sue Henderson,Central African Republic,BSc,3.21,314,8,3,2022
A82078194,Matthew Boyd,Germany,MSc,3.79,319,19,0,2020
A48082946,Terry Williams,Saudi Arabia,BSc,3.27,293,3,0,2023
A61109575,Carlos Wyatt,Ethiopia,BSc,3.53,314,3,0,2019
A61559692,Michelle Cooper,Anguilla,MSc,3.71,310,22,1,2023
A34638216,David Dyer,Moldova,BSc,3.29,305,2,2,2023
A33846940,Eric Stanton,Namibia,MSc,3.7,317,0,0,2020
A70915415,Michael Anthony,Guam,BSc,4.0,337,0,1,2023
A10197958,Barbara Larson,Zimbabwe,PhD,3.79,340,4,0,2023
A37471781,Cynthia Bryant,Brunei Darussalam,PhD,3.19,316,35,1,2019
A34885022,Mariah Clark,North Macedonia,BSc,3.5,340,4,3,2023
A16091549,Natalie Luna,Lesotho,MSc,3.95,325,1,0,2023
A90924190,Jennifer Matthews DDS,Svalbard & Jan Mayen Islands,BSc,3.45,340,7,0,2021
A38378357,William Wilson,Bosnia and Herzegovina,BSc,3.36,336,9,3,2020
A64560769,Stephen Rangel,Myanmar,BSc,3.66,318,12,0,2021
A28342488,Michael Thompson,Angola,MSc,3.92,301,7,0,2020
A22662303,Joanna Hebert,France,PhD,3.31,322,6,1,2019
A80534975,Jennifer Pearson,Tunisia,BSc,3.71,327,17,0,2019
A89371638,Anita Ward,Cuba,MSc,3.55,299,32,2,2023
A73750570,Ms. Hannah Collins,Poland,BSc,3.18,282,2,0,2023
A25323752,Jenna Dominguez,Indonesia,MSc,3.43,317,31,3,2019
A64985454,Chelsea Dunn,Paraguay,BSc,3.37,321,2,2,2022
A13123364,Billy Shaw,Seychelles,BSc,3.68,286,0,0,2019
A87352033,Andrew Hicks,United States of America,MSc,3.3,308,19,0,2019
A31103887,Edward Hernandez,Spain,MSc,3.51,299,24,0,2021
A82055701,Logan Brewer DDS,Moldova,MSc,3.43,310,16,4,2023
A69402705,Heidi Cook,San Marino,MSc,3.33,319,49,1,2020
A60713176,Michael Padilla,Suriname,MSc,3.13,334,10,1,2023
A85882978,Daniel Cook,Myanmar,BSc,3.35,330,7,2,2023
A65094155,David Jackson,Peru,BSc,3.99,302,1,2,2021
A67372804,Kim James,Malta,BSc,3.82,319,8,2,2022
A75463657,Robin Garrett,Norfolk Island,BSc,3.56,316,3,4,2020
A33387632,Rachel Maddox,Kuwait,PhD,3.37,325,11,0,2019
A32239293,Selena Barron,Bouvet Island (Bouvetoya),MSc,3.13,319,2,1,2022
A56961998,Mary Oliver,Turkmenistan,BSc,3.3,322,8,0,2020
A83641764,Dean Ibarra,Guernsey,BSc,4.0,335,9,1,2019
A57204984,Darren Bryant,United States Virgin Islands,MSc,3.39,340,7,1,2019
A22045141,Richard Jones,Timor-Leste,BSc,3.86,340,4,0,2023
A29800293,Carrie Jones,Uruguay,BSc,3.27,325,5,2,2022
A57144689,Adam Miller,Aruba,MSc,3.62,315,0,0,2019
A71254311,Andrea Williams,Guernsey,BSc,3.53,326,3,0,2023
A74568912,Jeanette Hensley,Holy See (Vatican City State),MSc,3.44,334,15,2,2021
A94742057,Ashley Ball,Jamaica,BSc,3.77,320,19,0,2021
A90610857,Jacqueline Jones,Oman,BSc,3.7,340,28,0,2021
A35152769,Madison Romero,Greece,MSc,3.81,321,6,1,2020
A41759453,James Shaw,Svalbard & Jan Mayen Islands,BSc,3.22,302,34,0,2022
A42138814,Erik Murray,Sao Tome and Principe,MSc,4.0,313,2,3,2019
A32852404,Charles Ramos,French Polynesia,MSc,3.26,325,34,0,2022
A63499803,Emily Reeves,Romania,PhD,3.28,332,32,2,2021
A58843761,Julia Lawson,Cayman Islands,MSc,4.0,304,17,0,2023
A86153271,Janet Koch,Trinidad and Tobago,BSc,3.74,311,8,1,2023
A53946425,Rachael Jackson,Russian Federation,BSc,3.98,328,6,3,2023
A59417128,Aaron Meyer,Myanmar,BSc,3.46,336,3,0,2019
A10712489,Jason Brown,Nepal,BSc,3.8,319,5,1,2022
A72235106,Guy Salas,Cameroon,PhD,3.57,319,17,0,2022
A17054946,John Wilkerson,Portugal,MSc,3.02,320,6,2,2021
A33895984,Michelle Ferguson,France,MSc,3.55,331,5,2,2021
A88184947,Gloria Rodriguez,Papua New Guinea,BSc,3.89,266,2,2,2021
A78736763,Joanna Floyd,Croatia,BSc,3.46,327,1,1,2021
A20961813,Marcia Smith,Latvia,PhD,3.33,297,5,2,2021
A89262634,Joy Archer,Serbia,BSc,3.52,293,1,2,2023
A56972941,Jane Hardy,Wallis and Futuna,MSc,3.38,308,27,2,2020
A92714400,Natalie Long,Pitcairn Islands,MSc,3.47,329,0,1,2022
A61269865,Robert Hall,Isle of Man,BSc,2.89,328,7,3,2020
A58620495,Steven Smith,Antarctica (the territory South of 60 deg S),BSc,3.53,304,4,0,2019
A61827771,Caroline Mclean,India,MSc,3.76,325,2,3,2022
A90334905,David Pearson,Libyan Arab Jamahiriya,BSc,3.41,329,9,0,2019
A58074827,Alyssa Harrison,Estonia,BSc,3.01,314,2,1,2020
A73008574,Gregory Long,Taiwan,BSc,3.37,301,7,1,2021
A38572549,Aaron Coffey,Uruguay,PhD,3.53,325,0,2,2021
A74438076,Elizabeth Macdonald,Bosnia and Herzegovina,BSc,3.56,314,11,1,2020
A22653443,Rebecca Wright,Cook Islands,MSc,3.6,305,2,1,2019
A58206616,Angela Simmons,Guernsey,BSc,3.53,319,22,1,2021
A93188195,Carl Ortega,Mozambique,BSc,3.49,305,2,1,2021
A28435923,Brenda Edwards,French Southern Territories,MSc,2.82,316,12,0,2022
A98142759,Maria Moore DDS,Jamaica,PhD,3.0,312,26,0,2020
A59958371,Rita Conner,Lebanon,BSc,3.79,309,0,2,2021
A90110375,Mark Gomez,Denmark,MSc,3.32,317,54,0,2023
A15850686,Kevin Melendez,Cuba,BSc,3.28,340,35,0,2023
A79100582,Jason Harding,Mongolia,MSc,3.03,340,14,0,2021
A64842876,Evelyn Williams,Palau,MSc,3.33,310,16,0,2021
A76065848,Jeremy White,Cook Islands,MSc,3.08,325,23,2,2023
A20270886,Anthony Holland,Monaco,MSc,3.75,300,9,2,2020
A57595069,Kristine Li,Tokelau,MSc,4.0,284,3,1,2020
A90462780,Nicholas Burke,Saint Barthelemy,BSc,3.59,322,4,0,2021
A75348520,Patricia Murphy,French Polynesia,MSc,4.0,316,2,3,2020
A15396570,Christopher Pham,Poland,MSc,3.61,330,7,2,2021
A10625795,Donna Vang,Venezuela,BSc,3.46,284,10,0,2023
A55995976,Michael Gill,Bhutan,BSc,3.59,330,12,0,2019
A63222928,Justin Daniel,Korea,MSc,3.22,323,0,1,2020
A94021144,Benjamin Hawkins,Belgium,MSc,3.26,322,6,0,2022
A76732157,Robert Mercado,Bangladesh,BSc,3.51,324,13,1,2019
A22868797,Nathan Farley,Mauritania,BSc,4.0,305,0,2,2021
A87420098,Katie Green,Latvia,BSc,3.59,329,3,0,2020
A26855802,Jacob Bradford,United States Virgin Islands,MSc,3.7,340,6,1,2023
A53539153,Roy Ferguson,Czech Republic,MSc,3.61,302,6,1,2021
A93792963,Lauren Kennedy,Vanuatu,MSc,3.48,339,9,1,2022
A44579581,Keith Cuevas,Gabon,PhD,3.57,312,2,1,2021
A62517249,Jay Garza,Turkey,BSc,3.23,283,5,0,2021
A85617566,Thomas Davis,Ethiopia,BSc,3.82,301,13,0,2020
A87251634,Kelly Scott,Sao Tome and Principe,MSc,3.09,317,2,0,2023
A70595093,Brenda James,French Guiana,BSc,3.45,323,3,0,2019
A93117994,Tasha Johnson,Tuvalu,BSc,3.6,306,0,0,2021
A11839695,Kaitlyn Owens,Bhutan,MSc,3.09,338,14,1,2021
A14207618,Michael Roberts DDS,Moldova,BSc,3.25,324,9,1,2022
A19059025,Matthew Wall,Sweden,BSc,3.79,324,81,1,2023
A16100431,Tracy Ray,Mayotte,MSc,3.28,307,7,2,2023
A82784444,Emily Williams,Antigua and Barbuda,BSc,3.08,297,21,2,2021
A58262827,Nicholas Brown,Benin,MSc,3.51,336,6,2,2022
A41162480,Julie Gutierrez,Sudan,PhD,3.45,335,5,0,2021
A77353962,Christian Hayes,Ukraine,PhD,3.45,276,6,1,2021
A80966758,Keith Johnson,Montenegro,PhD,3.53,327,19,0,2022
A43446168,Alexander Good,Reunion,MSc,3.0,304,10,1,2019
A65491977,Denise Gardner,Saint Vincent and the Grenadines,MSc,3.69,303,9,1,2021
A30009576,Thomas Jones,Isle of Man,MSc,3.55,304,35,1,2023
A19660620,Robert Perez,Korea,BSc,3.7,322,21,1,2021
A21092846,Dwayne Mcconnell Jr.,Monaco,BSc,3.58,306,20,0,2019
A59801750,Michael Allen,Bulgaria,PhD,3.72,309,0,1,2020
A99083942,Robert Mcdaniel,Saint Barthelemy,MSc,4.0,326,5,2,2021
A30215808,Wendy Perez,Taiwan,MSc,3.1,331,1,0,2023
A94222702,Jose Davis,Germany,BSc,3.5,296,22,2,2019
A71904217,Anna Gibbs,Brunei Darussalam,MSc,3.0,297,2,0,2023
A47752861,Manuel Perkins,Togo,MSc,3.54,320,2,0,2022
A28226346,Leah Brock,Guinea-Bissau,BSc,3.29,332,21,2,2021
A87858693,Jennifer Edwards MD,Lesotho,BSc,3.37,340,11,1,2023
A96854166,Beverly Morgan,Liechtenstein,BSc,4.0,333,19,2,2020
A28332685,Mark Fowler,Gabon,BSc,3.5,340,26,1,2019
A74819298,Gary Mason,Saint Pierre and Miquelon,BSc,3.71,287,1,1,2021
A86287590,Joseph Lewis,Nigeria,MSc,3.59,301,15,3,2019
A76541240,Jack Stanton,British Virgin Islands,MSc,4.0,325,6,2,2022
A63701497,Susan Esparza,Venezuela,BSc,3.63,314,15,1,2023
A51615067,Nathan Welch,Dominican Republic,PhD,3.78,301,2,2,2020
A60930587,Elizabeth Lamb,El Salvador,BSc,3.19,328,11,1,2020
A77476655,Raven Cabrera,Libyan Arab Jamahiriya,MSc,3.22,311,27,1,2020
A56191463,Dr. Christine Lewis,Zimbabwe,MSc,2.93,311,16,3,2019
A84019804,Laura Suarez,Singapore,MSc,3.64,307,8,2,2020
A40872024,Amy Bailey,Guinea,BSc,3.57,325,8,1,2023
A78224740,Hannah Smith,Kiribati,MSc,3.47,315,11,0,2022
A44143365,Stephen Johnson,Syrian Arab Republic,PhD,3.49,313,4,1,2023
A75968772,Terry Jones,Morocco,PhD,3.65,306,8,0,2022
A92577785,Jasmine Barnett,New Zealand,MSc,3.76,294,0,0,2019
A67315215,Kevin Clark,Slovakia (Slovak Republic),MSc,3.75,332,15,2,2020
A76929103,David Ayala,Gabon,MSc,3.53,313,18,1,2019
A59807058,Daniel Dodson,Norfolk Island,BSc,3.76,299,14,1,2019
A77851110,Nicole Smith,Turks and Caicos Islands,MSc,3.6,340,25,1,2021
A42234721,Teresa Harris,Switzerland,BSc,3.96,327,40,0,2023
A40812790,Melvin Scott,Ethiopia,MSc,4.0,329,7,0,2021
A73148952,Jonathan Soto,Israel,MSc,3.73,332,4,1,2021
A62306762,Mason Johnston,Madagascar,MSc,3.67,297,32,1,2022
A77574136,Angel Cohen,Heard Island and McDonald Islands,MSc,3.18,339,3,3,2022
A61320777,Nancy Allen,Greece,BSc,3.96,324,9,1,2019
A33393761,Alexandra Galvan,Kuwait,PhD,3.11,310,7,0,2023
A43103765,Denise Arnold,Reunion,BSc,3.46,331,50,2,2022
A86258210,Joy Smith,Jersey,MSc,3.62,323,1,0,2020
A86801481,Loretta Haynes,Uganda,MSc,3.71,318,9,1,2022
A81571368,Ray Sims,Cook Islands,MSc,3.57,309,29,0,2023
A71743126,Breanna Wagner,Korea,MSc,3.32,323,11,0,2019
A69644973,Evan Baker,Mayotte,BSc,3.23,335,7,1,2023
A38634030,Laura Pratt,Jamaica,MSc,3.24,335,13,0,2020
A76991971,Michael Bryan,Guinea-Bissau,PhD,3.27,325,6,0,2020
A14869306,Michelle Rodriguez,Timor-Leste,MSc,3.25,333,25,1,2019
A20285143,Lisa Cox,Ecuador,BSc,3.27,323,5,2,2020
A55562006,Jennifer Hoffman,Falkland Islands (Malvinas),BSc,3.26,298,1,2,2021
A16041158,David Johnson,Antarctica (the territory South of 60 deg S),BSc,3.26,302,4,0,2019
A13497505,Julia Bass,Tuvalu,BSc,3.83,311,27,1,2022
A90993200,Wayne White,Uzbekistan,PhD,2.86,317,30,0,2019
A96975775,Mr. Timothy Wilkins,Myanmar,BSc,3.9,340,2,1,2023
A17664180,Lori Miller,Nauru,MSc,3.27,306,0,0,2021
A43858176,Paul Martinez,Luxembourg,MSc,3.72,326,3,0,2020
A55527900,Danielle Spencer,Czech Republic,PhD,3.45,306,3,1,2020
A25713858,Joshua Wolf,Indonesia,BSc,2.92,333,5,1,2023
A14317199,Douglas Newton,Mozambique,BSc,3.84,317,34,1,2022
A67622377,Amy Case,Reunion,MSc,3.1,314,25,0,2020
A56785944,Laura Roth,Ghana,MSc,4.0,305,14,2,2019
A17166680,Roger Walls,Gibraltar,BSc,3.28,318,7,3,2021
A50561827,Dana Griffith,Equatorial Guinea,BSc,3.82,303,18,0,2023
A97261151,Sydney Wilson,Ecuador,MSc,2.7,317,6,0,2022
A94894959,Sheila Ray,Guatemala,BSc,3.41,314,0,0,2021
A85294343,Carly Allen DVM,France,MSc,3.33,303,5,0,2021
A64206608,Cathy Escobar,Congo,MSc,4.0,340,12,1,2019
A19864498,Mitchell Stewart,Vanuatu,BSc,4.0,292,26,0,2019
A68787372,Richard Cruz,Philippines,MSc,3.35,328,6,1,2019
A33304553,Marcia Figueroa,Chad,PhD,3.5,302,19,1,2023
A90379371,Miranda Smith,Mexico,BSc,3.64,331,8,0,2022
A89920967,Madison Stephens,Bulgaria,MSc,3.56,334,2,0,2020
A52403271,Jessica Dickerson,Romania,PhD,3.36,339,8,2,2022
A76095775,Jeffery Gilbert,Venezuela,MSc,3.74,303,1,0,2022
A35297668,Mary Fisher,Qatar,MSc,4.0,304,14,0,2022
A62428288,Anthony Gonzalez,Kazakhstan,PhD,3.7,313,23,1,2023
A40980793,Kelly Hudson,Costa Rica,PhD,3.66,329,10,1,2020
A27731272,Erin Schwartz,Palau,BSc,3.51,304,10,1,2020
A69236227,Elizabeth Hurley,Australia,BSc,3.92,299,27,0,2020
A96058230,Brenda Allen,Venezuela,BSc,3.2,315,11,2,2023
A13853358,Christian Miller,New Caledonia,MSc,3.32,322,26,2,2022
A25909930,Jenna Steele,Micronesia,MSc,3.39,331,1,1,2023
A81233958,Janet Gould,Angola,MSc,3.48,313,27,2,2019
A28687844,Jeremy Smith,Nigeria,BSc,3.51,333,2,4,2020
A62680408,Mary Copeland,Nepal,BSc,3.7,304,2,2,2022
A63166420,Alicia Davis,Haiti,BSc,3.93,316,21,1,2021
A46463404,Jason Rivera,United Arab Emirates,MSc,3.22,302,1,0,2019
A69597623,Jennifer Schultz,Cambodia,BSc,3.43,298,28,0,2019
A59941042,Isaac Cardenas,Ghana,BSc,3.79,336,1,2,2020
A35765359,Dr. Laura Patterson,Equatorial Guinea,MSc,3.26,332,14,0,2019
A67092964,Monica Thompson,Georgia,BSc,3.44,338,12,0,2020
A36734214,Bryan Spencer,Algeria,BSc,3.83,330,7,1,2019
A54751281,Devin Schmidt,Aruba,MSc,3.5,334,22,2,2020
A50154901,Jessica Mills,Iran,MSc,3.86,314,3,2,2021
A15855501,Destiny Chen,Venezuela,MSc,3.12,330,1,1,2019
A39725249,Jon Stewart,Morocco,PhD,3.71,313,5,2,2022
A87518147,Sandra Brown,Cambodia,BSc,3.22,318,14,0,2023
A32585305,Sally Bishop,Cambodia,BSc,3.46,317,38,2,2023
A74547262,Michael Cantu,Northern Mariana Islands,BSc,3.15,309,7,2,2021
A25339926,Kayla Carroll,Myanmar,BSc,2.88,316,7,1,2022
A79591966,Diana Chase MD,United States of America,MSc,3.97,311,13,1,2021
A20120062,Steve Wilson,Samoa,BSc,3.92,340,5,1,2019
A18392444,Sara Munoz,Uganda,BSc,3.39,313,1,4,2022
A19397729,David Garcia,Saint Kitts and Nevis,MSc,4.0,299,44,2,2021
A58432044,Michelle Jimenez,China,MSc,3.42,299,10,3,2023
A67295456,Tracey Lewis,Mozambique,BSc,3.63,339,2,2,2022
A89869151,Denise Powell,Maldives,MSc,2.92,319,43,1,2019
A95097844,Robert Alvarado,Czech Republic,BSc,3.79,306,3,0,2022
A23946890,Christina Mclaughlin,Andorra,MSc,2.95,323,11,0,2022
A39464845,Grace Johnson,Denmark,BSc,3.11,333,0,0,2019
A91396456,Tiffany Garcia,Uganda,BSc,3.72,309,11,2,2021
A35773637,Jean Davis,Cuba,MSc,3.45,310,39,1,2019
A10416586,Melvin Fuller,Turkey,MSc,3.61,309,12,2,2021
A19821519,Toni Suarez,Central African Republic,BSc,3.65,316,4,0,2021
A96230816,Rebecca Evans,Suriname,BSc,3.89,322,1,2,2019
A93317830,David Moreno,Nauru,BSc,3.26,340,6,2,2019
A42625184,Jennifer Perez,Niue,BSc,3.31,280,5,1,2022
A33095016,Edward Gonzalez,Jordan,BSc,3.31,340,2,3,2020
A89100733,Donald Allen,Pakistan,MSc,3.08,333,3,1,2022
A35689012,Joanna Harris,Cameroon,MSc,3.37,311,33,1,2022
A57692172,Megan Wallace,Saint Martin,PhD,3.42,334,4,0,2019
A51684831,Debbie Oliver,Solomon Islands,BSc,3.05,304,13,0,2020
A23266971,Christina Santiago,China,BSc,3.29,321,2,2,2022
A54040585,Julie Page,Japan,MSc,3.14,332,1,0,2023
A60846696,Danielle Benton,Central African Republic,BSc,3.25,312,2,1,2022
A27676866,Andrea Solomon,Western Sahara,MSc,2.88,334,8,1,2022
A32094775,Timothy Valdez,Sri Lanka,MSc,3.81,306,24,0,2022
A52628054,Brian Jones,Reunion,MSc,3.71,289,5,0,2022
A66909295,Daniel Rhodes,Anguilla,PhD,3.71,340,2,2,2023
A59902961,Monica Blake MD,United States of America,BSc,3.53,306,14,2,2019
A74306872,John Ward,Christmas Island,BSc,3.8,337,0,1,2019
A86886313,Kenneth Ortiz,Uzbekistan,BSc,3.17,329,10,4,2021
A13703132,Dale Vega,El Salvador,MSc,3.12,340,23,0,2021
A20963597,James Duarte,Paraguay,MSc,3.51,323,18,0,2022
A22552614,Robin Parker,Indonesia,BSc,3.67,309,0,1,2020
A21846827,Sharon Trujillo,Lesotho,MSc,3.13,340,11,1,2019
A77997092,Stephanie Schultz,Sweden,PhD,3.68,340,16,1,2020
A29234904,George Hoover,Guinea,MSc,3.4,318,4,2,2021
A99443810,Derrick Grant,Suriname,MSc,3.84,324,6,0,2021
A48278167,Matthew Holmes,Palau,MSc,3.51,307,41,1,2022
A63073783,Carol Anderson,Uruguay,MSc,3.67,310,22,2,2022
A33437198,Craig Ingram,United States of America,BSc,3.65,328,3,1,2019
A52908800,Melissa Frazier,United States Minor Outlying Islands,MSc,3.35,304,6,1,2022
A78878763,Destiny Gilbert,French Polynesia,BSc,3.03,340,4,3,2020
A67720992,Kevin Barrett,North Macedonia,BSc,3.62,308,2,1,2022
A85487190,Samantha Williams,Georgia,BSc,3.46,321,28,2,2020
A42845392,Benjamin Mccall,Macao,MSc,3.87,327,6,3,2021
A97857990,Michael James,Solomon Islands,MSc,3.94,317,20,1,2023
A90634541,Dennis Brown,Italy,BSc,3.65,319,16,1,2022
A28615800,Angela Wright,Mayotte,MSc,4.0,312,21,0,2022
A30996542,Colton Galloway,Sierra Leone,MSc,3.55,337,2,1,2023
A53369067,Carlos Holt,Benin,MSc,3.3,320,2,1,2019
A85906430,Vincent Webb,Suriname,BSc,3.42,296,8,2,2020
A84559216,Willie Bennett,British Indian Ocean Territory (Chagos Archipelago),MSc,3.24,324,2,1,2019
A73076562,Lauren Bonilla,Israel,MSc,3.65,340,5,0,2020
A36051992,Anthony Ramsey DDS,Swaziland,BSc,3.62,298,6,1,2022
A15549632,Emily Mccullough,Malawi,BSc,3.77,326,3,2,2019
A81699886,Elizabeth Reynolds,French Guiana,BSc,3.26,322,11,0,2019
A56526413,Jose Warren,British Indian Ocean Territory (Chagos Archipelago),BSc,3.7,334,10,3,2021
A17904460,Sherry Lopez,Norfolk Island,BSc,3.54,330,9,1,2023
A47597539,Ashlee Odonnell,Syrian Arab Republic,BSc,2.79,322,7,2,2021
A65608646,Cheryl Wilkins,Myanmar,MSc,3.61,340,17,0,2020
A15666918,Lisa Moore,Faroe Islands,MSc,3.03,326,3,0,2020
A91921859,Alan Turner,Moldova,MSc,3.38,308,1,2,2023
A73623772,Donna Haley,Canada,BSc,3.61,300,0,2,2021
A21187382,Alexandra Tran,Belize,MSc,3.38,319,12,1,2023
A27391514,Jennifer Howell,United Kingdom,BSc,3.68,302,6,0,2021
A86048634,John Hall,Azerbaijan,MSc,3.69,340,23,0,2019
A25462936,Keith Heath,South Africa,MSc,3.7,336,1,2,2021
A88957765,Jonathan Espinoza,United States Minor Outlying Islands,MSc,3.61,305,5,3,2022
A80401326,Paul Parker,Paraguay,BSc,3.75,310,65,0,2020
A74520432,Matthew Hernandez,Czech Republic,MSc,3.76,279,4,0,2020
A77411588,Richard Guerrero,Turks and Caicos Islands,BSc,3.28,306,7,0,2019
A12519064,Gary Castillo,Iceland,BSc,3.62,330,1,3,2023
A61201537,Elizabeth Garcia,Chile,MSc,3.54,318,32,2,2019
